1,117,346,-442.81,purchase,2024-10-31 11:10:46
2,926,729,-302.10,purchase,2024-08-19 18:41:57
3,630,767,-143.80,purchase,2024-08-18 20:27:59
4,,906,835.54,deposit,2025-02-04 18:41:21
5,659,35,96.17,refund,2024-05-16 22:54:55
6,,298,-95.99,withdrawal,2025-01-25 14:51:10
7,399,582,-55.92,purchase,2025-03-14 11:46:57
8,78,388,-44.41,purchase,2024-06-24 02:40:00
9,,648,-471.37,withdrawal,2025-03-23 19:59:45
10,125,311,64.94,refund,2025-03-23 23:13:40
11,157,778,-433.90,purchase,2025-03-28 15:56:24
12,362,335,-36.99,purchase,2024-10-09 03:22:44
13,746,416,341.92,refund,2024-12-26 01:09:43
14,,541,-320.76,withdrawal,2024-11-30 01:19:52
15,,363,-306.04,withdrawal,2025-04-25 04:30:36
16,,165,65.40,deposit,2025-02-17 08:02:44
17,474,514,-312.37,purchase,2024-09-15 03:11:28
18,344,221,-310.93,purchase,2024-05-17 11:38:17
19,,744,-436.36,withdrawal,2025-03-27 19:26:06
20,,684,276.61,deposit,2024-10-13 09:50:34
21,156,418,-237.81,purchase,2025-01-05 02:52:24
22,,591,888.61,deposit,2024-11-06 09:54:57
23,982,447,-475.15,purchase,2025-03-18 06:53:12
24,,359,593.21,deposit,2025-04-01 10:54:14
25,,172,168.05,deposit,2025-03-09 23:32:13
26,374,336,311.68,refund,2025-01-28 01:43:23
27,671,319,-380.45,purchase,2024-10-24 06:24:29
28,38,960,423.24,refund,2024-05-17 14:26:32
29,,383,-294.00,withdrawal,2024-08-02 19:21:25
30,,628,266.90,deposit,2024-10-13 19:57:34
31,,488,-88.24,withdrawal,2024-10-16 22:51:06
32,482,44,-211.69,purchase,2025-01-24 19:27:36
33,,778,-76.75,withdrawal,2024-11-18 00:42:03
34,,125,365.62,deposit,2024-08-04 12:27:10
35,,202,-274.73,withdrawal,2025-04-03 13:32:27
36,,938,-476.58,withdrawal,2025-01-05 18:18:49
37,296,556,-80.80,purchase,2024-06-12 22:47:06
38,,706,237.39,deposit,2024-10-05 00:52:20
39,517,788,-74.41,purchase,2024-06-01 22:28:13
40,72,249,-141.93,purchase,2025-04-27 23:34:42
41,,587,-395.00,withdrawal,2025-03-29 08:28:06
42,,118,-261.17,withdrawal,2024-11-24 21:53:48
43,,162,-161.24,withdrawal,2025-01-15 16:47:16
44,,298,261.41,deposit,2024-10-16 06:36:09
45,970,695,14.80,refund,2024-08-06 05:12:22
46,954,98,16.41,refund,2024-05-23 01:08:17
47,,710,-188.74,withdrawal,2024-05-15 03:24:40
48,,4,-453.74,withdrawal,2024-08-14 04:03:24
49,167,398,-65.17,purchase,2024-08-07 21:43:37
50,315,514,-112.22,purchase,2024-05-24 17:45:20
51,36,376,-11.83,purchase,2024-07-15 05:29:41
52,,513,79.91,deposit,2025-03-27 20:58:16
53,284,952,-415.17,purchase,2024-06-27 05:54:05
54,284,183,-393.52,purchase,2024-06-15 20:43:39
55,,857,611.62,deposit,2025-01-04 09:00:28
56,,941,795.83,deposit,2024-05-19 20:01:48
57,987,229,56.35,refund,2024-12-20 15:15:18
58,,957,118.51,deposit,2024-12-10 02:45:31
59,330,285,-399.70,purchase,2024-05-31 12:10:06
60,,62,-61.33,withdrawal,2025-01-29 23:06:23
61,,62,109.24,deposit,2024-09-29 23:14:58
62,,361,153.42,deposit,2024-05-30 18:50:02
63,48,947,44.28,refund,2025-04-06 17:29:08
64,654,283,-106.34,purchase,2024-09-06 14:40:20
65,,422,459.91,deposit,2025-02-21 13:06:12
66,356,379,136.13,refund,2024-09-07 17:44:02
67,,660,-218.64,withdrawal,2024-07-21 06:14:13
68,720,530,186.66,refund,2024-06-19 16:43:20
69,,528,640.73,deposit,2024-11-30 01:02:07
70,,824,-97.45,withdrawal,2025-01-18 01:42:51
71,,548,921.92,deposit,2025-03-23 21:44:55
72,595,420,331.61,refund,2024-07-06 18:38:30
73,216,432,-428.11,purchase,2024-11-18 16:35:56
74,731,972,489.70,refund,2024-08-10 16:21:51
75,696,340,-259.34,purchase,2024-09-15 03:54:19
76,,554,-246.52,withdrawal,2024-10-10 21:22:02
77,,843,261.62,deposit,2024-07-30 07:44:56
78,,949,863.63,deposit,2025-01-11 09:36:02
79,,463,655.44,deposit,2025-03-03 20:29:11
80,,442,-430.44,withdrawal,2024-12-09 16:46:23
81,,278,-364.35,withdrawal,2024-10-24 03:09:29
82,,103,-117.41,withdrawal,2025-02-02 09:54:21
83,187,228,447.25,refund,2024-07-30 10:51:09
84,,184,-287.59,withdrawal,2024-05-25 08:55:31
85,,106,-171.54,withdrawal,2024-12-23 05:52:24
86,,854,125.04,deposit,2024-08-04 03:41:33
87,,173,485.89,deposit,2024-09-05 03:15:53
88,263,443,-357.91,purchase,2025-04-11 21:48:49
89,,893,819.37,deposit,2024-07-30 23:59:15
90,985,943,-426.24,purchase,2024-09-08 15:44:45
91,,851,906.19,deposit,2024-08-08 02:06:26
92,,626,752.62,deposit,2024-09-26 08:16:18
93,,591,476.18,deposit,2025-02-04 15:01:37
94,213,558,-459.67,purchase,2025-03-12 11:03:51
95,,293,717.25,deposit,2024-05-25 15:11:37
96,,502,656.42,deposit,2025-03-26 10:23:42
97,621,637,253.95,refund,2025-03-31 16:12:31
98,,202,-102.85,withdrawal,2025-04-19 06:37:11
99,617,569,-405.39,purchase,2024-05-20 03:37:31
100,,533,-122.53,withdrawal,2025-02-27 20:28:47
101,,593,453.30,deposit,2024-11-26 04:43:32
102,600,934,304.32,refund,2025-01-22 15:53:42
103,,441,273.45,deposit,2025-02-11 15:32:15
104,570,581,57.19,refund,2025-03-07 04:37:25
105,989,675,-234.35,purchase,2024-09-09 00:19:14
106,175,832,209.06,refund,2025-04-27 01:19:09
107,,130,594.30,deposit,2025-01-31 03:32:20
108,349,808,317.13,refund,2025-01-27 04:35:44
109,80,245,458.56,refund,2025-03-28 16:16:56
110,,828,-271.63,withdrawal,2024-12-25 10:34:29
111,,237,228.20,deposit,2024-12-23 23:40:52
112,634,797,181.45,refund,2025-03-03 15:53:08
113,290,149,-270.14,purchase,2024-07-20 17:14:55
114,,467,435.81,deposit,2024-05-13 16:10:41
115,653,944,-173.73,purchase,2024-10-03 01:48:32
116,948,389,-47.47,purchase,2025-01-27 03:27:22
117,,399,-219.03,withdrawal,2024-05-05 13:11:04
118,,377,726.05,deposit,2024-11-07 16:12:24
119,,634,-346.23,withdrawal,2025-03-07 04:22:49
120,614,133,-255.40,purchase,2024-12-07 00:55:37
121,,544,472.78,deposit,2024-05-04 21:34:53
122,,94,958.46,deposit,2025-02-03 21:31:27
123,837,30,185.28,refund,2024-12-09 08:19:12
124,687,756,367.40,refund,2024-05-17 14:42:14
125,,384,640.42,deposit,2024-12-05 22:59:32
126,579,241,-236.93,purchase,2024-12-16 09:29:53
127,719,899,-417.27,purchase,2024-11-26 05:49:55
128,584,37,65.63,refund,2024-08-11 06:24:53
129,938,840,123.94,refund,2024-09-01 19:07:13
130,,700,226.51,deposit,2024-05-05 21:33:07
131,290,685,-158.81,purchase,2024-09-22 10:26:43
132,,374,-140.71,withdrawal,2024-10-17 10:33:19
133,500,539,348.24,refund,2024-06-25 17:17:36
134,,981,-208.11,withdrawal,2024-06-01 02:55:42
135,,854,488.73,deposit,2025-03-07 12:32:34
136,727,156,-97.80,purchase,2024-07-25 05:13:19
137,,312,-456.53,withdrawal,2024-08-28 02:12:59
138,166,367,346.09,refund,2025-01-30 19:31:21
139,,383,838.16,deposit,2024-07-30 08:54:01
140,,161,102.37,deposit,2025-02-18 02:03:48
141,,928,591.20,deposit,2024-08-09 19:22:49
142,,734,-201.61,withdrawal,2024-10-20 23:05:09
143,449,346,159.65,refund,2024-10-01 01:12:30
144,907,185,-248.80,purchase,2024-11-19 23:51:26
145,559,568,261.41,refund,2024-07-30 07:33:18
146,329,611,-73.33,purchase,2025-01-17 20:54:22
147,791,897,29.81,refund,2024-12-03 20:35:59
148,456,486,277.86,refund,2025-03-13 16:41:07
149,584,421,-325.12,purchase,2024-12-18 22:43:52
150,68,371,127.47,refund,2024-05-14 05:18:34
151,446,681,285.17,refund,2025-02-08 01:22:47
152,,889,124.24,deposit,2024-08-03 15:00:04
153,937,718,-310.17,purchase,2024-08-21 23:13:41
154,,47,-400.12,withdrawal,2024-07-25 06:42:01
155,589,134,493.01,refund,2024-12-29 15:24:51
156,,272,336.16,deposit,2024-10-07 13:44:05
157,,679,338.41,deposit,2024-11-17 00:28:46
158,926,674,-229.75,purchase,2024-10-18 16:49:23
159,,548,-476.06,withdrawal,2024-10-10 21:36:15
160,,235,167.13,deposit,2024-08-07 11:04:31
161,,370,96.42,deposit,2025-01-22 17:11:31
162,864,380,-139.61,purchase,2024-05-10 15:59:53
163,834,484,-415.35,purchase,2024-10-09 11:38:24
164,,582,-363.74,withdrawal,2025-01-03 08:56:39
165,700,128,-279.60,purchase,2024-08-07 10:52:18
166,,216,-481.98,withdrawal,2025-02-18 07:45:47
167,809,909,366.59,refund,2024-07-04 00:07:41
168,,361,-51.34,withdrawal,2024-06-22 19:26:57
169,,946,-299.25,withdrawal,2025-03-23 14:14:17
170,61,425,231.35,refund,2024-06-06 21:38:46
171,205,242,160.45,refund,2024-06-10 22:43:37
172,,569,-397.29,withdrawal,2024-08-16 13:54:46
173,,7,-100.05,withdrawal,2025-03-14 02:50:47
174,269,330,-39.38,purchase,2025-04-02 00:17:11
175,,601,919.21,deposit,2025-01-01 17:58:32
176,890,523,307.94,refund,2024-08-01 21:24:58
177,673,262,-449.66,purchase,2024-10-08 00:26:11
178,327,116,210.02,refund,2025-03-26 08:10:49
179,42,824,-343.96,purchase,2024-09-17 06:20:42
180,,949,367.27,deposit,2025-02-14 00:45:09
181,543,383,113.55,refund,2024-10-16 16:07:00
182,,163,990.13,deposit,2025-02-10 14:11:37
183,,135,-122.17,withdrawal,2024-07-30 21:59:27
184,,497,-379.27,withdrawal,2025-02-21 10:54:59
185,,76,-302.91,withdrawal,2024-07-14 05:20:29
186,,608,468.65,deposit,2025-03-22 03:51:42
187,898,738,-428.60,purchase,2025-03-08 03:22:16
188,132,903,176.06,refund,2024-12-20 15:18:19
189,,46,-454.87,withdrawal,2025-04-16 13:46:39
190,560,768,184.87,refund,2025-02-07 09:40:23
191,,136,382.71,deposit,2024-09-24 20:14:38
192,589,129,252.63,refund,2025-01-15 02:12:43
193,236,986,-96.70,purchase,2024-11-11 02:20:46
194,,818,971.12,deposit,2024-08-07 04:51:37
195,699,814,-25.39,purchase,2025-01-01 02:15:14
196,,654,-398.31,withdrawal,2024-05-23 03:25:49
197,191,401,75.72,refund,2024-06-12 17:37:13
198,,676,-190.43,withdrawal,2024-07-24 15:08:54
199,,371,-122.60,withdrawal,2024-08-20 07:50:37
200,,261,-398.95,withdrawal,2025-02-23 00:24:29
201,361,411,432.37,refund,2025-02-14 01:54:59
202,354,37,419.34,refund,2024-12-10 18:02:59
203,498,764,191.27,refund,2024-09-26 22:23:05
204,,867,934.29,deposit,2024-12-06 03:09:17
205,,494,-150.63,withdrawal,2025-01-11 01:56:05
206,,753,-478.19,withdrawal,2024-10-12 23:55:22
207,647,892,-104.34,purchase,2025-04-18 22:58:30
208,638,111,144.68,refund,2024-08-10 02:53:47
209,467,742,59.37,refund,2025-01-18 16:06:45
210,862,883,420.24,refund,2024-08-21 16:49:21
211,,889,904.99,deposit,2024-11-17 10:46:25
212,854,630,-68.87,purchase,2024-06-08 22:04:33
213,526,644,-476.19,purchase,2024-12-13 21:17:01
214,979,479,42.55,refund,2024-10-06 22:14:22
215,,913,-83.64,withdrawal,2024-08-20 17:40:58
216,,192,-401.71,withdrawal,2025-02-18 09:15:45
217,,718,-404.36,withdrawal,2024-11-08 00:35:57
218,625,931,321.59,refund,2024-09-18 14:21:59
219,,288,-435.61,withdrawal,2024-07-15 16:16:46
220,468,383,-458.25,purchase,2025-04-13 04:37:03
221,,902,-388.37,withdrawal,2024-12-25 05:05:08
222,,664,-393.65,withdrawal,2025-01-14 21:08:59
223,,437,97.12,deposit,2025-02-09 21:29:03
224,,202,979.42,deposit,2024-09-09 14:33:37
225,512,766,456.55,refund,2024-11-13 08:24:23
226,79,387,199.70,refund,2024-11-26 14:09:47
227,,414,-469.14,withdrawal,2024-05-13 23:02:25
228,980,830,-196.76,purchase,2024-08-21 15:04:18
229,210,525,156.09,refund,2025-04-13 05:53:59
230,,296,-448.35,withdrawal,2024-09-03 20:05:39
231,,98,-142.82,withdrawal,2025-01-27 22:40:41
232,815,611,-329.92,purchase,2024-12-23 02:11:13
233,,703,934.70,deposit,2024-08-07 11:03:17
234,94,187,108.63,refund,2024-11-11 20:02:01
235,937,893,-124.04,purchase,2024-07-22 22:07:52
236,,150,-135.49,withdrawal,2025-02-21 07:27:25
237,,798,794.86,deposit,2024-10-08 17:32:50
238,,853,-340.83,withdrawal,2024-05-22 23:15:46
239,570,924,20.85,refund,2024-07-30 03:22:45
240,,977,-412.73,withdrawal,2024-06-21 02:26:58
241,,465,892.60,deposit,2025-01-18 00:35:08
242,,615,-294.87,withdrawal,2025-02-05 16:56:35
243,304,882,184.41,refund,2025-04-27 13:37:35
244,,457,457.64,deposit,2024-05-17 23:43:35
245,237,735,394.59,refund,2024-05-07 12:32:22
246,107,72,46.67,refund,2024-06-02 03:03:26
247,,599,-265.97,withdrawal,2025-04-20 20:15:55
248,764,373,116.27,refund,2025-03-20 13:57:30
249,,806,731.42,deposit,2025-01-18 21:00:55
250,,545,-233.42,withdrawal,2024-07-25 16:11:46
251,517,190,41.11,refund,2025-01-20 08:42:15
252,587,709,464.85,refund,2025-04-24 23:54:40
253,,945,-443.20,withdrawal,2024-06-30 23:45:03
254,812,285,342.08,refund,2024-10-07 01:26:45
255,76,432,79.82,refund,2025-03-16 06:21:01
256,453,996,477.20,refund,2024-07-15 11:26:17
257,277,159,-83.42,purchase,2024-10-24 03:59:28
258,,998,-198.13,withdrawal,2025-04-16 21:32:35
259,,673,-267.88,withdrawal,2024-05-29 22:00:41
260,,415,116.56,deposit,2024-08-24 09:57:22
261,,439,-267.71,withdrawal,2024-11-30 03:25:32
262,,150,243.47,deposit,2025-02-23 06:19:25
263,489,532,234.10,refund,2024-05-02 17:48:55
264,381,161,77.48,refund,2024-08-14 18:24:07
265,,751,-482.84,withdrawal,2024-10-20 06:36:32
266,988,257,170.51,refund,2024-09-24 08:19:26
267,602,879,-332.42,purchase,2025-04-20 17:14:39
268,,271,395.48,deposit,2024-12-10 18:07:44
269,388,892,-191.40,purchase,2024-12-25 10:21:31
270,,291,-446.46,withdrawal,2025-02-27 02:12:41
271,,715,936.89,deposit,2025-02-14 16:39:44
272,418,621,-171.79,purchase,2025-04-07 12:52:13
273,90,467,51.35,refund,2024-07-29 17:52:48
274,151,97,-18.94,purchase,2025-01-10 19:08:24
275,,646,-76.51,withdrawal,2024-12-26 07:26:15
276,,382,925.86,deposit,2024-07-28 01:40:06
277,581,134,-124.73,purchase,2024-05-21 06:41:08
278,835,197,-76.18,purchase,2024-06-10 09:39:37
279,929,905,-11.18,purchase,2025-03-13 19:16:07
280,,275,280.87,deposit,2024-05-20 12:03:36
281,,811,-334.18,withdrawal,2024-08-21 21:38:55
282,,879,129.33,deposit,2024-09-16 09:21:20
283,325,804,-13.34,purchase,2025-02-01 13:44:19
284,,438,247.42,deposit,2024-10-13 10:12:39
285,,123,856.93,deposit,2024-07-09 09:21:32
286,625,980,384.60,refund,2025-01-24 23:45:38
287,,400,824.14,deposit,2024-11-26 15:20:18
288,,353,-259.77,withdrawal,2024-06-29 00:01:42
289,,379,686.50,deposit,2024-12-26 02:33:34
290,782,222,-343.44,purchase,2025-04-11 11:20:34
291,,921,416.26,deposit,2024-06-14 22:51:16
292,,44,-362.92,withdrawal,2024-07-25 15:54:56
293,317,916,-351.76,purchase,2024-12-11 22:59:10
294,619,788,478.81,refund,2024-06-18 06:15:31
295,517,442,-37.04,purchase,2025-01-17 01:41:30
296,,770,-317.78,withdrawal,2024-10-11 21:18:52
297,,964,-425.73,withdrawal,2025-04-04 00:33:05
298,462,263,67.89,refund,2024-10-27 00:45:40
299,,10,-276.63,withdrawal,2024-06-21 02:04:44
300,885,393,105.13,refund,2024-10-21 20:10:09
301,479,127,-401.10,purchase,2024-06-12 14:00:41
302,711,363,473.93,refund,2024-09-13 15:33:35
303,,979,-412.48,withdrawal,2024-11-17 19:06:23
304,,7,-400.56,withdrawal,2025-01-04 21:44:34
305,726,614,187.05,refund,2025-01-08 10:40:21
306,,83,577.74,deposit,2024-11-02 12:54:03
307,905,766,248.23,refund,2024-08-28 03:08:36
308,445,243,-265.08,purchase,2024-10-25 22:03:30
309,40,853,-179.08,purchase,2024-08-20 21:37:10
310,,409,464.25,deposit,2025-03-02 23:49:39
311,596,247,-415.31,purchase,2024-10-31 16:06:36
312,,427,-165.34,withdrawal,2024-08-08 10:07:42
313,443,60,361.31,refund,2025-01-04 10:28:39
314,,723,-324.23,withdrawal,2025-03-04 13:20:30
315,750,363,-420.92,purchase,2024-06-16 18:03:44
316,,931,-238.45,withdrawal,2025-04-05 20:31:24
317,699,280,213.84,refund,2024-12-12 13:36:36
318,,283,-400.26,withdrawal,2025-04-18 08:58:10
319,,576,-422.01,withdrawal,2024-06-22 23:13:59
320,553,278,89.69,refund,2024-11-09 13:44:09
321,,360,80.19,deposit,2024-05-01 00:39:21
322,,314,769.71,deposit,2024-05-21 16:50:17
323,34,724,344.93,refund,2024-11-25 08:39:51
324,,193,-80.28,withdrawal,2024-07-17 22:35:15
325,,350,-152.23,withdrawal,2025-02-03 05:45:24
326,473,860,498.05,refund,2025-02-17 17:40:27
327,992,479,-377.31,purchase,2025-01-24 04:16:19
328,380,752,111.43,refund,2024-07-08 01:11:08
329,,760,-477.19,withdrawal,2024-05-29 10:34:45
330,695,153,-412.94,purchase,2024-11-10 02:57:42
331,,985,572.11,deposit,2024-05-11 21:34:12
332,791,757,37.52,refund,2024-06-10 15:03:07
333,,253,-166.68,withdrawal,2025-04-19 17:30:47
334,990,243,53.67,refund,2025-02-01 05:24:16
335,,897,-262.48,withdrawal,2024-12-19 19:51:37
336,968,531,-421.96,purchase,2024-10-20 05:44:03
337,902,20,118.02,refund,2025-02-05 00:27:22
338,,26,779.68,deposit,2025-01-27 08:27:23
339,,221,208.99,deposit,2024-12-04 04:23:29
340,,428,967.56,deposit,2024-11-15 23:32:52
341,,250,-463.50,withdrawal,2024-10-13 11:00:23
342,,451,472.39,deposit,2025-01-17 05:39:15
343,,279,910.30,deposit,2025-02-06 17:04:23
344,801,250,377.85,refund,2024-11-13 09:25:39
345,652,99,141.53,refund,2024-08-26 19:09:20
346,860,288,-201.74,purchase,2024-09-14 14:40:13
347,520,672,-276.24,purchase,2024-08-18 19:57:46
348,748,615,-406.31,purchase,2024-08-29 22:36:57
349,,936,615.80,deposit,2024-11-03 05:34:43
350,261,872,478.51,refund,2024-11-14 22:51:33
351,,181,503.82,deposit,2024-05-04 05:37:14
352,806,397,-364.95,purchase,2024-09-18 01:42:02
353,99,161,-163.92,purchase,2024-05-07 09:00:24
354,437,254,-149.20,purchase,2025-04-15 10:18:26
355,,632,166.31,deposit,2025-04-10 11:07:33
356,,71,-168.47,withdrawal,2024-06-10 05:07:10
357,,169,665.83,deposit,2024-05-12 18:42:58
358,121,161,-338.60,purchase,2024-12-28 03:12:08
359,,603,-351.31,withdrawal,2025-01-22 23:32:10
360,247,761,366.83,refund,2024-09-09 16:07:32
361,388,609,-497.82,purchase,2024-06-17 16:08:25
362,,879,671.69,deposit,2024-11-16 15:11:44
363,626,469,440.91,refund,2025-03-18 11:26:21
364,993,849,25.68,refund,2024-08-16 00:43:28
365,477,332,-485.60,purchase,2024-08-06 10:13:03
366,708,430,374.85,refund,2025-04-20 10:33:25
367,,579,386.71,deposit,2024-06-08 23:19:43
368,,429,65.86,deposit,2025-04-17 02:01:05
369,,791,-251.81,withdrawal,2024-07-21 15:17:38
370,,584,-59.82,withdrawal,2024-10-06 22:50:28
371,,618,-451.99,withdrawal,2024-05-25 14:40:55
372,68,935,407.47,refund,2024-12-07 20:16:57
373,,299,670.57,deposit,2024-10-07 20:21:10
374,730,138,-115.64,purchase,2024-05-17 10:24:03
375,115,481,-273.37,purchase,2024-08-25 21:56:39
376,,142,924.99,deposit,2024-08-07 22:42:35
377,676,692,-166.18,purchase,2025-03-27 19:26:37
378,380,746,-432.22,purchase,2024-11-13 14:29:15
379,758,298,-70.25,purchase,2024-08-15 21:14:11
380,,816,516.53,deposit,2024-12-21 02:56:06
381,746,876,45.11,refund,2024-05-04 21:28:29
382,147,978,-315.43,purchase,2024-10-14 12:18:01
383,,181,590.87,deposit,2024-07-31 21:40:45
384,119,594,249.28,refund,2025-03-07 19:53:31
385,806,918,-350.42,purchase,2024-10-18 14:20:58
386,68,957,347.74,refund,2025-01-21 12:40:17
387,,231,934.20,deposit,2024-12-17 02:30:22
388,551,553,-375.17,purchase,2024-11-02 05:49:50
389,,978,-429.37,withdrawal,2024-06-13 11:33:05
390,,897,-180.11,withdrawal,2025-03-15 19:39:14
391,514,871,346.03,refund,2025-01-25 10:51:14
392,,57,-150.55,withdrawal,2025-04-08 13:49:11
393,,107,955.50,deposit,2024-12-19 11:51:58
394,660,846,276.49,refund,2024-05-22 09:14:25
395,765,752,395.99,refund,2024-10-20 12:34:16
396,,821,-217.97,withdrawal,2025-03-10 10:34:55
397,,379,852.97,deposit,2025-04-12 09:23:11
398,,513,-458.24,withdrawal,2024-08-13 13:25:39
399,770,852,-488.93,purchase,2024-06-17 02:12:48
400,65,763,193.82,refund,2024-12-09 07:03:01
401,320,729,-124.17,purchase,2025-03-25 03:52:31
402,,866,-283.57,withdrawal,2025-01-12 20:41:31
403,833,498,462.83,refund,2024-06-18 19:08:40
404,754,227,22.17,refund,2025-01-05 08:21:53
405,,253,548.73,deposit,2025-03-29 17:41:58
406,962,681,-116.09,purchase,2024-06-23 23:01:47
407,,53,767.45,deposit,2024-07-24 13:09:57
408,,456,821.46,deposit,2024-05-10 11:34:18
409,,169,122.64,deposit,2024-09-08 03:49:49
410,,27,653.22,deposit,2024-08-08 01:47:37
411,998,787,253.30,refund,2024-11-09 09:47:04
412,552,637,-303.85,purchase,2025-02-09 12:08:38
413,,464,875.86,deposit,2024-11-07 08:57:59
414,505,302,-468.32,purchase,2025-04-09 20:37:59
415,,674,143.13,deposit,2024-07-17 00:25:01
416,,83,-224.66,withdrawal,2024-10-07 09:35:42
417,429,872,-477.99,purchase,2024-11-05 15:49:35
418,,217,-226.28,withdrawal,2024-10-26 13:16:37
419,,873,-489.62,withdrawal,2025-02-20 08:27:40
420,855,218,138.78,refund,2024-07-10 00:18:53
421,751,406,-167.47,purchase,2024-07-03 05:32:14
422,,822,961.51,deposit,2024-05-13 22:04:02
423,,830,-100.88,withdrawal,2025-04-05 19:27:53
424,,20,549.94,deposit,2024-11-07 10:37:52
425,,521,421.86,deposit,2024-10-02 05:53:05
426,185,845,-421.62,purchase,2024-11-28 03:29:56
427,43,920,417.88,refund,2025-01-26 23:19:16
428,264,37,320.81,refund,2024-06-19 13:07:15
429,4,567,491.30,refund,2024-12-09 05:13:17
430,800,891,-289.35,purchase,2024-09-06 20:57:36
431,332,817,-462.93,purchase,2024-06-30 17:07:14
432,,372,-417.02,withdrawal,2024-12-16 15:54:14
433,302,721,117.93,refund,2024-10-02 05:30:34
434,146,467,-196.44,purchase,2024-09-11 15:07:41
435,,744,952.45,deposit,2025-02-02 22:44:03
436,3,615,-348.38,purchase,2025-03-22 20:43:53
437,2,282,-133.83,purchase,2024-11-23 02:21:08
438,500,601,319.40,refund,2024-11-02 00:21:36
439,751,59,-28.95,purchase,2024-06-07 03:13:53
440,580,531,-387.48,purchase,2024-09-17 17:41:58
441,,28,-136.07,withdrawal,2024-12-18 04:23:33
442,,858,-177.37,withdrawal,2025-03-29 07:04:43
443,,898,259.82,deposit,2025-01-28 07:27:12
444,808,853,90.24,refund,2025-01-23 15:56:28
445,676,318,175.94,refund,2024-07-20 01:05:18
446,,334,825.20,deposit,2024-07-12 05:29:49
447,,991,-244.51,withdrawal,2025-03-19 09:37:21
448,,165,819.23,deposit,2024-12-24 03:46:40
449,,571,360.64,deposit,2024-09-10 21:29:28
450,805,364,-288.42,purchase,2024-06-01 12:46:55
451,7,914,-308.72,purchase,2025-03-10 21:36:51
452,227,801,301.88,refund,2025-01-31 07:55:43
453,,716,-256.03,withdrawal,2024-10-10 17:00:16
454,417,40,-22.91,purchase,2024-09-03 02:56:40
455,,397,-451.94,withdrawal,2025-03-20 18:45:13
456,529,237,-223.31,purchase,2024-06-24 21:59:29
457,277,905,-75.45,purchase,2024-06-19 10:01:35
458,,590,338.49,deposit,2025-01-06 11:57:49
459,,217,297.77,deposit,2024-10-24 16:56:30
460,266,133,-250.20,purchase,2024-11-10 04:30:32
461,,663,-450.25,withdrawal,2024-08-08 19:49:45
462,389,681,-491.53,purchase,2024-07-13 23:35:22
463,530,703,-262.09,purchase,2024-10-02 14:26:11
464,,203,152.72,deposit,2024-10-19 14:06:13
465,,535,469.22,deposit,2024-12-25 16:33:46
466,983,550,-313.74,purchase,2025-03-06 23:12:59
467,,830,684.49,deposit,2025-04-07 16:14:24
468,978,706,-439.19,purchase,2024-07-31 18:23:20
469,851,527,-101.53,purchase,2025-01-09 11:10:38
470,,371,-308.81,withdrawal,2025-03-31 14:28:28
471,161,208,-107.90,purchase,2024-07-06 12:50:38
472,309,482,347.36,refund,2024-05-11 19:27:57
473,,895,438.23,deposit,2024-11-10 07:48:22
474,311,970,-483.35,purchase,2024-05-31 12:59:10
475,504,925,-304.64,purchase,2025-01-22 16:13:06
476,,699,-295.53,withdrawal,2024-05-27 04:54:56
477,,381,-395.55,withdrawal,2024-10-31 23:10:04
478,460,281,296.13,refund,2024-11-04 10:33:12
479,133,485,152.06,refund,2024-08-18 01:55:52
480,,782,-74.67,withdrawal,2025-01-12 17:51:22
481,20,309,150.82,refund,2024-07-25 12:55:40
482,587,831,397.74,refund,2025-01-03 17:45:26
483,,617,-123.85,withdrawal,2024-10-30 14:43:14
484,,881,-313.09,withdrawal,2025-03-06 06:04:43
485,,318,351.28,deposit,2024-08-06 17:45:35
486,734,474,-418.10,purchase,2025-01-13 08:45:01
487,,147,244.20,deposit,2024-08-30 09:09:13
488,,728,-314.33,withdrawal,2024-12-31 13:10:15
489,,343,-216.56,withdrawal,2024-05-27 02:35:34
490,765,158,160.97,refund,2024-07-05 16:00:14
491,93,948,-142.29,purchase,2024-08-25 22:45:57
492,11,746,-449.70,purchase,2024-12-18 13:31:18
493,269,321,-477.57,purchase,2024-08-31 08:23:05
494,,230,262.88,deposit,2025-03-30 06:12:04
495,,370,-145.29,withdrawal,2024-05-22 02:12:59
496,,74,-415.10,withdrawal,2024-10-15 23:03:57
497,183,386,-417.25,purchase,2025-01-04 03:11:58
498,,459,-367.64,withdrawal,2025-03-23 06:05:03
499,269,46,-161.88,purchase,2024-05-30 22:18:53
500,,462,336.16,deposit,2024-09-22 18:56:04
501,532,634,-257.63,purchase,2024-10-02 11:16:44
502,,941,874.37,deposit,2024-07-09 13:41:09
503,,625,-272.04,withdrawal,2024-11-18 19:05:42
504,454,88,382.46,refund,2024-11-22 10:50:17
505,,970,-221.91,withdrawal,2024-09-05 00:40:12
506,920,145,216.85,refund,2024-06-21 23:50:53
507,666,217,496.77,refund,2025-04-18 11:47:50
508,915,540,-477.90,purchase,2024-12-14 17:22:34
509,389,230,-211.94,purchase,2024-07-28 17:23:47
510,632,429,358.68,refund,2025-01-20 20:43:51
511,,678,-121.90,withdrawal,2025-04-28 02:34:50
512,,447,119.26,deposit,2025-01-19 05:08:50
513,,349,-253.47,withdrawal,2024-05-22 19:41:36
514,141,968,-53.08,purchase,2024-05-12 20:04:10
515,881,62,236.09,refund,2025-01-31 07:05:27
516,70,558,386.44,refund,2024-11-24 06:41:04
517,,811,613.46,deposit,2024-08-26 19:07:32
518,825,779,-406.31,purchase,2024-05-21 09:33:00
519,418,991,-198.71,purchase,2025-01-31 03:31:11
520,,270,94.93,deposit,2024-10-28 16:41:45
521,,939,-355.95,withdrawal,2025-04-29 22:59:49
522,311,695,276.07,refund,2024-11-13 09:12:32
523,367,77,-249.56,purchase,2024-10-01 08:06:15
524,895,248,206.09,refund,2024-11-05 18:44:21
525,537,649,238.81,refund,2025-03-14 04:04:29
526,329,537,416.50,refund,2025-03-21 23:33:21
527,847,121,-328.30,purchase,2024-10-03 18:52:02
528,,111,641.60,deposit,2025-02-14 18:54:54
529,972,686,-155.88,purchase,2024-05-24 12:34:45
530,,433,749.79,deposit,2024-08-17 08:44:17
531,727,558,-496.23,purchase,2024-06-25 04:56:48
532,519,850,294.90,refund,2024-11-17 04:58:19
533,317,566,190.29,refund,2024-09-03 18:25:45
534,,504,282.73,deposit,2025-04-17 14:00:31
535,972,598,147.59,refund,2024-07-24 21:49:01
536,,539,481.91,deposit,2024-08-25 19:03:37
537,953,834,48.58,refund,2024-11-25 22:35:35
538,,679,922.08,deposit,2024-08-31 04:04:47
539,868,806,-145.95,purchase,2024-10-25 13:39:37
540,610,369,497.02,refund,2024-08-20 23:36:21
541,407,582,38.89,refund,2025-03-05 09:33:05
542,688,442,233.77,refund,2025-04-24 16:54:42
543,778,174,285.54,refund,2024-05-29 21:47:57
544,456,547,246.52,refund,2024-05-21 15:12:04
545,,187,739.34,deposit,2024-07-03 00:29:42
546,702,477,277.94,refund,2025-02-08 10:15:04
547,226,160,247.82,refund,2024-12-17 18:15:10
548,,695,325.46,deposit,2024-09-12 12:34:04
549,477,162,365.57,refund,2024-08-16 17:56:16
550,496,233,-401.55,purchase,2024-05-12 10:28:56
551,,85,275.82,deposit,2024-11-08 17:49:06
552,,158,667.34,deposit,2024-11-21 09:24:09
553,52,850,-199.99,purchase,2024-05-01 18:47:33
554,397,471,197.38,refund,2025-03-28 23:27:27
555,868,257,496.18,refund,2024-08-10 12:17:08
556,,899,209.40,deposit,2024-12-14 19:35:09
557,,20,-143.64,withdrawal,2025-02-02 15:06:08
558,551,549,-156.59,purchase,2025-01-08 01:22:54
559,,81,322.47,deposit,2025-04-09 21:48:29
560,,709,-264.92,withdrawal,2024-05-28 15:37:42
561,473,699,-358.18,purchase,2024-10-17 04:02:46
562,,709,528.81,deposit,2024-09-25 04:27:06
563,583,648,-229.86,purchase,2025-04-29 00:57:11
564,,377,-368.49,withdrawal,2024-08-02 01:33:43
565,74,663,179.15,refund,2025-03-07 02:44:11
566,,323,641.66,deposit,2025-02-16 07:26:50
567,436,281,447.89,refund,2024-05-02 02:10:18
568,,54,928.60,deposit,2025-02-08 04:22:57
569,552,94,197.09,refund,2024-08-08 03:08:39
570,,995,101.99,deposit,2024-07-04 05:00:42
571,988,393,48.83,refund,2024-09-17 09:40:31
572,136,902,18.88,refund,2024-12-06 13:53:54
573,366,865,438.54,refund,2024-10-13 21:48:24
574,,446,-139.63,withdrawal,2024-10-13 07:25:13
575,,507,900.13,deposit,2024-06-08 06:18:08
576,,615,661.34,deposit,2024-09-28 18:40:45
577,202,331,66.56,refund,2024-05-04 02:35:00
578,,361,869.29,deposit,2025-03-07 22:15:17
579,,436,-295.32,withdrawal,2025-04-06 22:04:58
580,156,770,-352.79,purchase,2024-06-20 16:53:35
581,36,62,330.09,refund,2024-09-02 15:00:09
582,,316,-282.11,withdrawal,2025-01-13 00:58:59
583,,953,-328.63,withdrawal,2025-04-06 11:29:28
584,,403,473.52,deposit,2025-04-22 02:42:58
585,777,823,383.26,refund,2025-01-31 16:23:09
586,,349,694.44,deposit,2024-12-15 23:17:59
587,68,808,-370.15,purchase,2025-03-24 08:07:35
588,,124,540.69,deposit,2025-04-08 23:50:16
589,371,419,-151.20,purchase,2024-05-24 04:33:58
590,291,713,-417.82,purchase,2025-04-17 15:34:30
591,,246,667.66,deposit,2025-02-28 00:35:57
592,575,578,260.76,refund,2025-01-04 13:35:43
593,739,171,174.90,refund,2024-07-22 05:08:30
594,,203,517.30,deposit,2024-11-01 14:27:57
595,532,111,118.90,refund,2024-07-08 04:32:49
596,,616,565.93,deposit,2024-08-30 03:32:47
597,,773,-287.26,withdrawal,2025-04-22 04:19:14
598,39,495,-61.39,purchase,2024-09-08 09:16:54
599,,715,-241.48,withdrawal,2024-12-25 19:46:23
600,,735,-389.64,withdrawal,2024-09-14 13:34:20
601,,564,-89.10,withdrawal,2025-01-27 08:37:55
602,937,701,201.10,refund,2024-06-08 22:59:16
603,,569,145.78,deposit,2025-02-18 10:38:44
604,,1,-381.95,withdrawal,2025-03-27 04:57:17
605,,116,348.23,deposit,2024-07-05 02:07:42
606,,267,-91.11,withdrawal,2025-02-04 20:59:58
607,,933,-455.70,withdrawal,2024-08-31 02:12:19
608,,598,-263.19,withdrawal,2025-01-24 19:09:01
609,95,319,252.05,refund,2024-05-27 07:34:17
610,619,613,-267.64,purchase,2025-04-18 20:06:47
611,,666,-130.39,withdrawal,2024-06-12 18:54:00
612,907,831,-171.26,purchase,2025-01-12 08:28:33
613,,448,-398.29,withdrawal,2025-01-11 00:05:42
614,931,805,-44.20,purchase,2024-12-26 06:48:28
615,,299,74.57,deposit,2024-12-23 20:43:09
616,,503,752.21,deposit,2025-04-09 10:27:17
617,,276,-142.40,withdrawal,2025-01-03 02:00:29
618,,378,-310.67,withdrawal,2024-08-01 07:01:56
619,,616,-334.56,withdrawal,2024-11-15 19:18:19
620,712,162,37.72,refund,2024-07-01 23:25:11
621,626,120,105.12,refund,2025-02-11 18:53:48
622,,337,-185.52,withdrawal,2024-06-02 20:07:18
623,555,348,254.46,refund,2024-06-13 11:45:59
624,,857,-396.29,withdrawal,2024-08-15 13:02:22
625,,996,-94.41,withdrawal,2024-12-09 14:24:33
626,,554,343.57,deposit,2024-07-05 12:28:13
627,,414,562.16,deposit,2024-06-26 04:52:49
628,744,454,272.72,refund,2024-08-06 16:56:00
629,,615,-121.36,withdrawal,2024-09-10 00:07:34
630,,954,-289.09,withdrawal,2024-10-14 02:18:06
631,508,905,-69.50,purchase,2025-01-08 03:50:10
632,,333,384.55,deposit,2024-10-03 09:11:59
633,,605,-212.55,withdrawal,2024-07-24 19:41:35
634,,91,-290.66,withdrawal,2025-02-15 15:04:25
635,974,429,409.52,refund,2025-01-03 13:28:49
636,621,581,340.82,refund,2024-06-19 02:02:48
637,367,89,-90.35,purchase,2025-01-16 03:12:05
638,768,692,-74.35,purchase,2024-05-30 16:06:23
639,21,395,259.18,refund,2025-04-03 04:03:49
640,294,182,228.86,refund,2025-02-12 10:14:00
641,896,107,286.23,refund,2024-07-06 02:33:51
642,3,888,-431.84,purchase,2024-06-11 18:28:29
643,,504,948.30,deposit,2024-12-27 09:13:20
644,370,130,97.08,refund,2024-05-31 17:49:09
645,972,983,-487.67,purchase,2024-12-31 12:28:23
646,,434,959.08,deposit,2024-08-19 16:16:54
647,,853,959.31,deposit,2025-03-15 06:19:15
648,763,304,-215.82,purchase,2025-02-20 14:08:54
649,,512,312.07,deposit,2024-09-24 16:15:11
650,,455,227.28,deposit,2025-02-19 01:33:21
651,,491,-342.62,withdrawal,2024-10-22 09:12:31
652,443,862,-119.27,purchase,2025-02-17 21:22:22
653,57,829,-180.85,purchase,2025-04-30 08:29:30
654,641,924,-78.07,purchase,2024-07-20 06:04:37
655,172,577,-222.95,purchase,2025-01-21 15:08:45
656,371,56,-390.09,purchase,2024-07-05 10:15:55
657,,933,-321.69,withdrawal,2024-07-05 16:51:17
658,,598,352.22,deposit,2024-05-19 21:08:32
659,537,257,-153.71,purchase,2024-07-01 06:35:02
660,224,819,-208.50,purchase,2024-07-05 22:42:08
661,812,929,-268.16,purchase,2025-04-02 19:55:33
662,729,568,22.27,refund,2025-02-04 22:26:51
663,277,547,-40.29,purchase,2025-03-09 18:50:45
664,240,235,-316.85,purchase,2024-05-14 16:19:50
665,405,228,-22.45,purchase,2024-12-05 16:16:56
666,,690,230.59,deposit,2024-07-22 06:32:32
667,,807,201.48,deposit,2024-06-18 08:15:40
668,837,532,70.23,refund,2024-07-05 09:39:11
669,,407,128.19,deposit,2025-01-06 18:43:46
670,,659,527.50,deposit,2024-06-21 15:43:01
671,,80,479.33,deposit,2024-10-30 14:06:37
672,,502,950.83,deposit,2024-10-06 08:13:28
673,,379,-325.38,withdrawal,2025-03-02 03:50:39
674,574,821,-333.32,purchase,2025-01-05 14:43:24
675,,480,-248.64,withdrawal,2025-04-06 01:01:40
676,,573,-243.42,withdrawal,2024-06-23 13:19:42
677,604,942,-355.04,purchase,2025-01-12 23:36:42
678,,356,-59.50,withdrawal,2024-10-12 01:04:17
679,936,408,-99.86,purchase,2024-08-01 17:40:39
680,198,569,175.10,refund,2024-06-18 17:42:55
681,,326,-424.27,withdrawal,2024-10-28 12:24:57
682,,640,-361.95,withdrawal,2024-06-20 09:38:35
683,31,604,131.45,refund,2024-12-09 21:15:53
684,766,112,-313.80,purchase,2025-04-22 07:47:01
685,,172,-346.27,withdrawal,2024-11-23 12:56:48
686,896,716,-398.85,purchase,2025-04-19 03:02:17
687,,784,221.23,deposit,2025-03-16 22:40:59
688,151,195,326.87,refund,2024-12-26 02:07:13
689,,413,-428.59,withdrawal,2025-02-27 19:57:02
690,,328,256.10,deposit,2024-10-22 03:41:16
691,35,81,-55.21,purchase,2024-10-17 05:40:44
692,290,356,-140.79,purchase,2024-11-28 01:16:57
693,934,606,354.77,refund,2025-02-13 08:10:19
694,583,852,-57.69,purchase,2024-06-26 18:14:23
695,285,807,-44.13,purchase,2024-10-29 02:37:34
696,750,666,-91.49,purchase,2024-11-15 14:48:49
697,979,431,-289.74,purchase,2025-03-06 01:09:30
698,640,36,423.71,refund,2024-08-29 21:51:06
699,,355,-485.71,withdrawal,2024-05-16 23:05:25
700,271,660,438.49,refund,2024-06-22 16:23:33
701,388,367,-213.37,purchase,2024-08-03 11:14:32
702,533,889,-439.52,purchase,2024-10-12 00:23:53
703,645,861,312.67,refund,2024-10-10 15:39:02
704,674,512,257.26,refund,2024-05-11 05:18:27
705,109,724,475.89,refund,2025-04-01 13:50:53
706,,108,866.01,deposit,2024-11-18 21:00:22
707,,231,941.02,deposit,2024-09-20 05:21:58
708,3,883,-54.44,purchase,2024-05-12 00:10:40
709,632,901,-33.47,purchase,2024-05-05 01:13:06
710,671,152,-131.41,purchase,2024-11-29 17:58:53
711,490,568,403.87,refund,2025-04-24 04:25:51
712,98,949,358.23,refund,2024-09-24 13:15:06
713,766,437,-109.97,purchase,2024-10-30 19:43:46
714,396,938,-321.31,purchase,2024-09-12 07:19:58
715,,478,755.04,deposit,2024-06-21 04:13:10
716,266,763,-365.32,purchase,2024-06-17 12:28:07
717,,189,815.38,deposit,2025-03-25 15:22:06
718,,751,560.18,deposit,2025-03-14 23:24:50
719,206,105,-313.86,purchase,2024-11-29 00:31:59
720,,721,62.39,deposit,2025-03-18 10:34:52
721,446,441,24.59,refund,2024-07-26 20:01:28
722,,787,206.32,deposit,2024-10-22 10:12:32
723,,898,674.02,deposit,2024-10-02 02:30:58
724,365,451,386.02,refund,2024-10-04 07:49:31
725,,557,402.10,deposit,2024-10-06 02:30:07
726,,565,-492.68,withdrawal,2025-04-25 01:28:38
727,318,211,115.60,refund,2024-11-14 04:20:06
728,840,199,-48.02,purchase,2024-10-17 20:36:57
729,,132,-310.41,withdrawal,2025-04-12 02:01:49
730,442,688,-117.83,purchase,2024-12-05 09:18:17
731,,652,820.91,deposit,2025-04-11 03:37:32
732,869,69,184.35,refund,2024-08-21 15:21:58
733,595,204,96.04,refund,2025-02-17 13:22:20
734,927,223,81.32,refund,2025-01-21 14:40:34
735,672,807,394.48,refund,2024-05-16 00:49:59
736,,522,827.24,deposit,2024-08-12 01:47:30
737,284,707,-54.45,purchase,2025-03-08 10:21:38
738,192,732,98.06,refund,2025-01-08 15:54:32
739,,463,-376.74,withdrawal,2025-01-29 08:10:10
740,800,753,-415.68,purchase,2024-09-11 11:31:05
741,212,534,236.20,refund,2025-04-12 16:32:27
742,,570,605.21,deposit,2024-08-08 23:20:33
743,,947,-145.43,withdrawal,2025-01-25 13:47:06
744,710,615,-11.03,purchase,2024-06-17 08:15:13
745,,242,-457.67,withdrawal,2025-03-13 14:59:21
746,,905,419.39,deposit,2024-07-29 16:19:46
747,814,146,465.56,refund,2024-10-02 06:31:54
748,,367,-478.82,withdrawal,2024-08-03 09:34:39
749,452,622,354.77,refund,2024-08-27 23:25:47
750,,832,165.82,deposit,2024-08-03 16:43:10
751,982,589,488.34,refund,2025-04-29 23:48:17
752,,487,-183.98,withdrawal,2025-03-07 17:50:56
753,555,822,-495.57,purchase,2025-03-04 16:15:17
754,862,483,68.82,refund,2024-12-21 11:20:53
755,936,147,231.77,refund,2025-01-04 20:42:09
756,204,751,-412.81,purchase,2024-08-17 11:39:14
757,,144,83.76,deposit,2024-07-20 05:17:41
758,,89,220.16,deposit,2025-02-20 21:53:55
759,704,48,-105.68,purchase,2024-08-29 21:01:33
760,,120,836.74,deposit,2024-08-08 01:07:06
761,,317,-50.98,withdrawal,2024-06-24 15:31:46
762,,380,484.36,deposit,2025-02-06 01:25:57
763,709,473,118.45,refund,2024-12-10 01:35:59
764,125,761,80.56,refund,2025-03-05 12:44:53
765,,530,798.64,deposit,2024-05-24 07:15:28
766,,651,770.98,deposit,2024-09-04 23:29:07
767,582,592,-217.54,purchase,2024-12-12 02:35:03
768,,97,-134.65,withdrawal,2024-05-08 03:56:53
769,825,239,341.59,refund,2025-02-03 11:53:26
770,854,18,-428.87,purchase,2024-11-29 06:42:53
771,649,326,-79.54,purchase,2024-08-13 22:44:46
772,,436,-111.50,withdrawal,2024-07-24 16:44:52
773,582,443,-311.57,purchase,2024-08-13 09:18:15
774,,296,981.99,deposit,2024-06-02 06:32:37
775,,223,-490.47,withdrawal,2025-02-22 05:45:13
776,736,805,-235.47,purchase,2024-07-20 02:54:24
777,185,699,-390.26,purchase,2024-11-12 01:41:26
778,,410,78.38,deposit,2024-05-03 13:20:07
779,744,899,-101.87,purchase,2024-07-22 08:23:43
780,178,488,-421.49,purchase,2025-01-19 00:47:47
781,107,772,-174.96,purchase,2025-03-28 04:22:43
782,,553,-244.93,withdrawal,2025-02-10 22:04:58
783,630,689,55.44,refund,2024-12-23 20:27:20
784,,760,275.30,deposit,2024-09-22 23:39:24
785,,10,117.23,deposit,2024-10-30 01:52:13
786,452,305,304.19,refund,2025-01-09 19:57:37
787,169,579,-95.71,purchase,2024-07-30 14:41:32
788,,160,-494.29,withdrawal,2024-07-19 01:48:28
789,,373,80.61,deposit,2024-08-03 08:03:39
790,905,783,-186.18,purchase,2024-06-29 04:26:37
791,272,275,269.53,refund,2025-03-23 06:32:11
792,491,462,-81.93,purchase,2024-07-21 22:25:23
793,316,868,-77.15,purchase,2024-06-02 07:22:23
794,291,558,-406.91,purchase,2024-07-01 06:14:27
795,,565,-229.26,withdrawal,2024-11-17 01:04:51
796,,723,-190.91,withdrawal,2024-11-12 10:07:55
797,603,353,386.18,refund,2024-06-03 04:50:23
798,251,414,-432.85,purchase,2025-03-23 13:28:36
799,955,982,415.38,refund,2024-05-13 21:00:21
800,,831,-242.52,withdrawal,2024-07-27 13:24:58
801,,479,244.58,deposit,2024-09-03 21:18:18
802,,950,396.98,deposit,2024-09-02 08:49:13
803,515,490,-243.67,purchase,2025-03-09 08:26:44
804,,794,-364.96,withdrawal,2024-09-17 15:20:49
805,763,341,-165.10,purchase,2024-07-29 11:45:10
806,974,710,-30.80,purchase,2024-09-21 03:53:00
807,,439,303.77,deposit,2024-07-06 19:26:35
808,912,598,65.58,refund,2025-01-04 17:05:41
809,,415,929.72,deposit,2024-10-29 04:14:03
810,875,193,299.66,refund,2025-04-28 06:16:56
811,,927,450.60,deposit,2025-04-05 22:37:54
812,588,718,-47.26,purchase,2024-10-04 02:05:27
813,430,290,43.91,refund,2024-09-22 02:50:07
814,281,508,-265.84,purchase,2025-04-17 03:08:32
815,434,169,-224.10,purchase,2024-08-01 12:34:51
816,81,794,462.97,refund,2025-04-02 14:32:58
817,1000,43,-469.55,purchase,2025-01-24 15:09:18
818,257,488,-405.86,purchase,2024-11-10 14:04:34
819,59,762,-117.24,purchase,2024-06-21 07:56:34
820,,248,-499.16,withdrawal,2024-08-09 20:24:15
821,,440,297.74,deposit,2025-01-08 11:54:26
822,917,827,235.02,refund,2024-05-10 19:28:14
823,344,440,443.37,refund,2024-05-08 08:38:52
824,,296,872.20,deposit,2024-06-09 05:17:00
825,,434,-365.37,withdrawal,2024-12-10 20:14:38
826,422,635,-457.52,purchase,2024-08-22 14:02:52
827,957,78,-325.28,purchase,2024-11-01 09:15:24
828,912,605,250.40,refund,2024-05-04 02:16:01
829,,266,277.73,deposit,2025-03-12 07:36:57
830,,751,-322.18,withdrawal,2024-09-17 03:56:20
831,709,43,-223.51,purchase,2024-06-04 19:44:22
832,,243,441.48,deposit,2024-12-28 23:23:18
833,960,31,429.70,refund,2025-03-26 12:18:11
834,,168,-366.50,withdrawal,2024-06-27 06:05:43
835,262,953,479.40,refund,2024-08-02 17:51:29
836,568,659,224.59,refund,2025-01-15 14:36:16
837,747,423,42.25,refund,2025-01-07 07:26:28
838,,814,-480.41,withdrawal,2024-08-24 14:56:50
839,329,537,420.70,refund,2024-07-28 23:11:32
840,,509,849.10,deposit,2025-02-10 10:00:36
841,661,142,-248.84,purchase,2025-02-06 06:29:38
842,286,906,103.81,refund,2024-10-10 01:22:12
843,,49,-91.05,withdrawal,2024-11-19 16:18:41
844,218,470,48.72,refund,2024-11-23 11:11:18
845,116,958,174.18,refund,2025-01-30 08:05:24
846,67,458,25.86,refund,2025-01-16 04:25:22
847,385,849,14.41,refund,2024-11-11 16:30:00
848,,579,-441.05,withdrawal,2024-09-02 10:00:25
849,666,45,-253.38,purchase,2025-02-06 19:03:11
850,549,78,191.32,refund,2025-04-13 16:59:51
851,,25,470.10,deposit,2025-01-23 19:05:35
852,193,902,-153.52,purchase,2024-05-25 02:29:42
853,533,541,-366.53,purchase,2024-10-23 13:14:28
854,685,595,419.19,refund,2024-06-20 04:41:14
855,454,624,419.14,refund,2025-04-07 00:53:25
856,463,694,148.31,refund,2025-01-09 03:01:29
857,158,22,20.08,refund,2024-06-03 10:26:22
858,371,153,134.19,refund,2024-08-24 02:08:18
859,489,386,241.84,refund,2024-08-25 00:45:12
860,,427,-486.60,withdrawal,2024-09-04 11:00:14
861,,725,-354.49,withdrawal,2024-05-16 02:19:58
862,990,340,-487.12,purchase,2024-08-13 18:24:44
863,459,679,-476.71,purchase,2025-02-08 07:30:53
864,,328,-315.98,withdrawal,2024-07-28 13:48:47
865,953,486,-263.24,purchase,2024-12-18 18:24:07
866,671,346,350.37,refund,2025-03-01 21:36:22
867,,295,-215.15,withdrawal,2024-05-21 15:15:19
868,,402,984.37,deposit,2024-11-12 23:06:22
869,262,79,250.13,refund,2024-08-19 06:14:43
870,775,95,-98.58,purchase,2024-10-10 12:21:17
871,678,441,-108.66,purchase,2024-05-10 10:55:05
872,551,781,219.18,refund,2024-06-25 19:41:08
873,88,614,-258.54,purchase,2024-12-12 22:36:30
874,,513,949.67,deposit,2024-09-23 14:17:04
875,,327,-200.77,withdrawal,2024-06-09 05:04:51
876,147,433,-205.34,purchase,2025-01-02 12:39:48
877,,488,577.15,deposit,2024-10-30 01:06:05
878,190,484,148.70,refund,2025-02-04 10:18:42
879,675,125,451.40,refund,2025-02-09 16:16:49
880,,616,712.10,deposit,2024-06-12 20:40:03
881,,971,-196.04,withdrawal,2024-05-22 03:48:33
882,,876,-461.76,withdrawal,2024-11-26 16:57:17
883,564,849,-380.04,purchase,2024-09-12 11:03:46
884,885,86,402.27,refund,2024-12-13 02:10:38
885,,56,96.71,deposit,2025-02-02 14:38:48
886,,350,-489.64,withdrawal,2024-10-15 11:38:45
887,594,743,486.32,refund,2024-09-13 23:56:44
888,237,739,355.25,refund,2025-01-11 12:21:51
889,108,503,307.56,refund,2025-03-31 15:09:19
890,660,503,-147.86,purchase,2025-03-20 20:17:59
891,751,416,-54.22,purchase,2024-12-01 00:14:24
892,,60,-438.57,withdrawal,2024-08-14 16:49:05
893,,158,695.32,deposit,2024-07-04 15:38:05
894,,531,849.27,deposit,2024-08-08 21:39:54
895,,287,-425.98,withdrawal,2024-10-12 16:00:10
896,,236,-191.95,withdrawal,2024-07-11 20:24:00
897,,277,-304.89,withdrawal,2025-01-07 15:16:26
898,,844,233.90,deposit,2024-12-11 16:04:07
899,889,504,343.18,refund,2024-12-16 11:55:12
900,,89,-148.75,withdrawal,2024-12-07 16:20:55
901,,756,-313.45,withdrawal,2025-01-14 23:00:08
902,622,13,75.15,refund,2024-07-06 18:24:54
903,,878,-293.60,withdrawal,2024-09-22 19:27:47
904,450,169,289.94,refund,2025-01-24 02:30:24
905,56,946,-353.96,purchase,2024-06-23 23:42:48
906,,345,-394.31,withdrawal,2024-06-19 18:38:28
907,,588,331.44,deposit,2024-10-19 10:07:56
908,,110,-117.55,withdrawal,2024-06-19 05:36:46
909,346,484,222.53,refund,2025-01-29 17:13:03
910,,531,869.62,deposit,2025-01-09 22:53:51
911,,908,324.94,deposit,2024-07-26 21:57:15
912,,986,-208.53,withdrawal,2025-03-29 01:34:37
913,848,141,-257.16,purchase,2024-09-30 03:22:24
914,642,765,382.94,refund,2024-07-14 12:36:48
915,972,328,-252.33,purchase,2024-07-30 00:05:56
916,775,346,-319.24,purchase,2024-05-16 22:47:45
917,463,373,329.03,refund,2024-08-25 09:40:44
918,,700,122.96,deposit,2024-10-09 16:12:18
919,554,425,-388.80,purchase,2025-03-09 17:35:56
920,,896,403.59,deposit,2024-08-12 15:04:24
921,560,36,50.88,refund,2024-09-08 22:27:47
922,781,431,-49.53,purchase,2024-09-06 05:07:01
923,240,376,326.59,refund,2024-05-02 04:22:10
924,,612,656.05,deposit,2024-05-06 19:22:33
925,,698,683.50,deposit,2024-10-10 02:13:48
926,,35,75.77,deposit,2024-07-05 04:46:11
927,,970,330.63,deposit,2024-09-11 00:13:58
928,337,604,342.19,refund,2024-05-07 23:06:56
929,,96,-61.51,withdrawal,2024-05-18 19:41:53
930,562,543,-129.94,purchase,2025-01-11 00:28:17
931,381,363,450.76,refund,2024-06-02 20:57:23
932,,912,224.88,deposit,2024-09-29 16:08:35
933,741,980,-50.77,purchase,2024-08-07 09:27:15
934,,630,996.45,deposit,2024-08-27 11:58:02
935,,978,-245.56,withdrawal,2025-03-21 08:43:56
936,314,132,-191.04,purchase,2024-10-28 09:22:57
937,726,674,-288.69,purchase,2025-03-24 02:04:05
938,,414,-236.35,withdrawal,2024-09-05 03:07:56
939,212,178,69.08,refund,2025-01-08 17:18:35
940,740,233,-121.76,purchase,2024-09-04 20:52:43
941,22,777,-149.70,purchase,2024-12-25 15:55:31
942,,972,-201.48,withdrawal,2025-04-20 09:12:30
943,226,256,479.87,refund,2024-10-31 22:30:25
944,304,24,-35.10,purchase,2024-08-13 03:13:27
945,,915,197.24,deposit,2024-12-12 05:23:12
946,203,560,-121.71,purchase,2025-01-29 12:45:03
947,,393,-319.00,withdrawal,2024-09-17 19:51:19
948,,133,842.32,deposit,2024-11-02 04:41:39
949,763,899,438.45,refund,2024-08-05 13:14:54
950,,275,418.04,deposit,2024-12-02 06:48:12
951,439,489,-199.15,purchase,2024-07-10 18:10:54
952,431,80,-268.89,purchase,2024-10-14 22:23:14
953,251,149,385.45,refund,2024-08-20 08:42:16
954,868,616,53.70,refund,2024-09-06 11:13:21
955,513,239,404.41,refund,2024-05-17 09:05:00
956,,28,-418.72,withdrawal,2024-10-09 23:46:01
957,636,248,-290.51,purchase,2025-01-05 14:16:34
958,634,48,160.52,refund,2024-11-22 04:38:36
959,282,558,19.65,refund,2025-03-20 15:03:31
960,747,666,396.82,refund,2024-12-28 00:01:57
961,845,451,404.08,refund,2024-08-13 07:55:54
962,310,637,415.49,refund,2024-12-28 20:54:21
963,,228,-214.88,withdrawal,2024-11-25 06:28:12
964,724,750,-286.14,purchase,2024-09-10 05:17:15
965,777,743,324.74,refund,2024-09-17 06:11:20
966,68,127,-382.44,purchase,2024-10-20 13:02:37
967,218,239,304.47,refund,2024-11-13 10:23:14
968,385,432,411.83,refund,2024-08-21 10:14:40
969,83,148,-115.43,purchase,2025-02-08 15:44:45
970,444,321,103.46,refund,2024-07-21 05:53:15
971,6,362,-406.10,purchase,2025-03-05 05:19:14
972,,596,-267.43,withdrawal,2024-09-13 02:12:01
973,103,988,78.50,refund,2025-03-05 22:14:40
974,,36,345.30,deposit,2024-09-22 12:22:09
975,,623,930.43,deposit,2025-02-05 22:55:30
976,,267,-242.48,withdrawal,2024-08-18 06:02:12
977,,486,-125.30,withdrawal,2025-04-03 15:39:47
978,55,636,173.10,refund,2024-06-12 07:58:57
979,213,263,309.82,refund,2024-10-30 16:09:52
980,849,628,426.38,refund,2024-10-04 03:30:16
981,,592,922.27,deposit,2025-02-27 06:59:38
982,,356,-365.77,withdrawal,2024-08-07 01:07:58
983,,522,274.96,deposit,2024-06-06 01:23:31
984,,651,749.35,deposit,2024-11-28 06:52:06
985,,452,996.60,deposit,2024-11-11 01:33:07
986,794,221,-250.74,purchase,2025-03-20 22:03:23
987,,481,873.71,deposit,2024-12-09 08:55:14
988,,565,-349.63,withdrawal,2024-12-31 13:27:19
989,,70,-283.84,withdrawal,2024-11-23 15:23:19
990,,168,-151.57,withdrawal,2024-05-23 04:49:24
991,617,230,217.44,refund,2025-03-31 19:27:24
992,267,793,-26.21,purchase,2025-01-18 00:56:13
993,,476,915.82,deposit,2025-04-03 11:51:41
994,,501,-388.18,withdrawal,2024-05-13 23:56:38
995,,760,678.67,deposit,2024-11-25 10:45:59
996,388,780,89.72,refund,2024-06-18 21:07:47
997,,361,-258.39,withdrawal,2025-01-14 10:20:21
998,,984,948.63,deposit,2025-04-30 22:40:52
999,477,294,-121.01,purchase,2024-05-20 02:36:39
1000,,542,-412.55,withdrawal,2024-06-27 07:15:50
1001,,938,-86.15,withdrawal,2024-06-20 11:35:03
1002,870,442,11.14,refund,2025-01-10 06:44:21
1003,,567,-82.76,withdrawal,2024-11-24 10:36:06
1004,686,42,324.69,refund,2025-02-05 13:00:06
1005,398,375,-92.80,purchase,2025-03-27 19:35:13
1006,87,79,166.88,refund,2025-01-10 11:37:33
1007,,183,-111.56,withdrawal,2024-06-03 10:39:32
1008,936,457,-311.07,purchase,2024-12-22 01:32:45
1009,341,233,108.53,refund,2024-09-06 02:34:21
1010,,743,-325.01,withdrawal,2025-04-09 13:10:32
1011,938,442,214.34,refund,2024-08-29 00:05:43
1012,,128,213.11,deposit,2024-12-17 03:24:13
1013,,396,106.91,deposit,2024-11-19 17:09:53
1014,,843,-392.60,withdrawal,2024-06-04 04:27:36
1015,,276,-379.91,withdrawal,2025-01-13 21:13:33
1016,,442,-484.37,withdrawal,2025-04-12 05:32:23
1017,,815,-199.17,withdrawal,2024-11-08 01:43:34
1018,125,367,292.71,refund,2024-07-14 04:05:13
1019,196,705,-98.91,purchase,2024-11-30 20:36:53
1020,145,365,-310.83,purchase,2024-10-12 22:19:18
1021,729,15,-258.61,purchase,2025-02-15 05:38:49
1022,487,233,202.38,refund,2024-06-14 23:36:17
1023,,31,90.84,deposit,2024-07-01 11:23:00
1024,,375,742.54,deposit,2025-03-30 07:59:57
1025,980,406,-102.74,purchase,2025-02-14 14:43:05
1026,,918,759.55,deposit,2024-09-11 07:33:38
1027,516,47,390.05,refund,2025-03-23 20:57:12
1028,883,211,-278.13,purchase,2024-06-21 21:57:32
1029,252,137,224.97,refund,2025-01-11 05:59:07
1030,715,888,84.92,refund,2024-05-28 17:32:18
1031,,414,-153.83,withdrawal,2024-05-03 21:06:50
1032,940,282,492.66,refund,2025-04-06 03:57:04
1033,424,706,-232.17,purchase,2024-11-24 15:36:23
1034,,85,408.52,deposit,2025-03-17 11:23:31
1035,560,735,231.41,refund,2024-07-03 22:45:19
1036,577,584,22.86,refund,2024-05-21 15:48:25
1037,,439,-339.17,withdrawal,2024-10-13 07:09:20
1038,546,170,-479.03,purchase,2024-09-15 12:48:18
1039,,862,730.34,deposit,2024-08-14 12:24:51
1040,472,540,-247.99,purchase,2024-06-09 12:51:37
1041,919,316,278.20,refund,2025-01-25 19:51:43
1042,,6,-87.65,withdrawal,2025-03-07 19:47:23
1043,470,249,35.62,refund,2024-07-12 20:18:37
1044,,609,910.82,deposit,2024-05-10 02:02:15
1045,666,766,-296.82,purchase,2025-03-22 18:46:05
1046,,296,218.93,deposit,2024-09-08 21:56:36
1047,,233,94.74,deposit,2025-01-27 05:42:07
1048,713,636,188.02,refund,2024-11-04 20:17:26
1049,,537,876.34,deposit,2025-01-01 19:28:10
1050,370,892,-355.85,purchase,2024-09-13 09:36:33
1051,,386,-334.83,withdrawal,2024-12-13 05:03:44
1052,,486,-205.52,withdrawal,2024-09-02 18:32:23
1053,,338,368.77,deposit,2024-11-04 00:51:57
1054,442,370,114.42,refund,2024-09-30 17:01:34
1055,,321,990.35,deposit,2025-03-13 23:21:43
1056,63,675,476.11,refund,2024-12-29 01:37:59
1057,,947,-215.93,withdrawal,2025-03-17 04:44:52
1058,825,304,406.36,refund,2024-10-21 08:08:45
1059,,442,-470.99,withdrawal,2025-04-06 14:45:13
1060,169,574,-211.49,purchase,2025-02-02 18:26:43
1061,622,543,224.39,refund,2024-05-15 23:09:10
1062,,885,-380.96,withdrawal,2024-06-17 07:38:21
1063,821,656,161.35,refund,2024-10-18 08:18:22
1064,,616,111.54,deposit,2025-02-28 07:09:30
1065,311,233,143.71,refund,2024-09-04 22:28:10
1066,,533,-435.58,withdrawal,2024-12-29 15:03:50
1067,853,817,-195.26,purchase,2024-11-13 05:11:40
1068,745,5,-486.53,purchase,2025-03-09 06:24:41
1069,656,19,279.44,refund,2024-07-23 00:35:58
1070,,155,564.27,deposit,2024-05-13 16:03:30
1071,539,673,256.98,refund,2025-01-04 09:07:15
1072,811,227,132.03,refund,2025-03-02 19:58:57
1073,27,451,377.88,refund,2025-03-16 07:18:31
1074,275,767,194.91,refund,2024-06-25 14:57:10
1075,,818,-128.69,withdrawal,2025-01-23 17:36:12
1076,,534,-435.93,withdrawal,2025-01-12 09:17:07
1077,,579,-104.96,withdrawal,2025-04-12 15:09:46
1078,577,919,-156.15,purchase,2024-07-07 19:42:22
1079,,155,-232.18,withdrawal,2025-01-31 02:35:50
1080,731,981,-135.47,purchase,2025-01-29 06:17:50
1081,325,431,372.72,refund,2024-08-29 13:26:49
1082,,49,937.99,deposit,2024-07-23 23:11:05
1083,,948,146.51,deposit,2024-11-06 06:46:34
1084,214,559,11.40,refund,2024-07-30 23:46:22
1085,746,447,-260.40,purchase,2025-02-03 13:06:07
1086,,31,-497.07,withdrawal,2024-06-02 08:01:40
1087,506,43,103.68,refund,2025-01-15 07:46:39
1088,,452,638.34,deposit,2024-08-13 21:09:55
1089,31,374,353.46,refund,2024-11-03 16:48:22
1090,64,396,-389.20,purchase,2024-07-26 02:16:34
1091,581,579,-270.11,purchase,2024-12-13 10:07:13
1092,,662,73.80,deposit,2024-08-28 19:54:15
1093,595,208,404.28,refund,2024-06-09 03:39:02
1094,,371,-188.80,withdrawal,2025-01-16 03:27:20
1095,,291,996.09,deposit,2024-11-27 18:28:02
1096,744,158,382.90,refund,2024-06-15 18:12:16
1097,439,163,-136.92,purchase,2025-02-05 20:53:48
1098,,686,394.65,deposit,2024-08-03 15:42:39
1099,,134,681.10,deposit,2025-02-21 11:14:38
1100,,618,-265.23,withdrawal,2025-04-07 00:17:05
1101,227,217,-478.97,purchase,2024-11-19 14:21:00
1102,996,905,282.77,refund,2025-01-12 12:17:45
1103,,643,182.32,deposit,2024-10-26 22:12:05
1104,,556,358.16,deposit,2024-11-21 01:32:34
1105,71,320,-363.00,purchase,2025-01-16 03:33:06
1106,,318,-57.73,withdrawal,2025-01-14 02:36:09
1107,,964,972.16,deposit,2025-01-12 20:14:59
1108,,887,332.09,deposit,2024-09-09 12:41:46
1109,,948,-149.77,withdrawal,2024-09-08 21:54:31
1110,,775,-181.03,withdrawal,2024-08-25 18:31:44
1111,,839,-122.10,withdrawal,2024-07-06 17:04:55
1112,311,601,-314.81,purchase,2025-01-06 17:44:22
1113,,225,463.95,deposit,2025-01-04 19:56:40
1114,,74,-162.38,withdrawal,2024-07-27 07:47:23
1115,,974,-394.05,withdrawal,2025-02-09 15:37:43
1116,,859,653.46,deposit,2024-08-11 14:09:09
1117,,103,341.96,deposit,2025-02-25 06:33:32
1118,,978,128.74,deposit,2024-08-11 19:15:02
1119,846,434,117.37,refund,2024-09-08 12:22:12
1120,,343,341.80,deposit,2024-05-07 11:45:12
1121,,246,-416.90,withdrawal,2024-10-22 10:18:23
1122,,6,804.50,deposit,2025-01-22 14:25:50
1123,,242,656.62,deposit,2024-09-14 21:34:53
1124,,195,848.15,deposit,2024-10-18 18:17:19
1125,,169,-387.14,withdrawal,2025-04-20 04:22:58
1126,858,570,315.45,refund,2024-08-09 09:24:08
1127,906,899,-475.63,purchase,2024-05-11 21:18:15
1128,172,632,350.91,refund,2024-09-24 00:56:59
1129,453,909,250.21,refund,2024-10-07 17:41:00
1130,584,909,-284.20,purchase,2025-04-09 10:20:10
1131,,903,320.29,deposit,2024-07-29 10:23:45
1132,358,500,458.74,refund,2025-01-09 18:35:32
1133,,973,231.94,deposit,2024-08-31 15:45:59
1134,,636,-323.04,withdrawal,2024-11-17 00:03:30
1135,,506,-104.90,withdrawal,2024-06-20 22:29:12
1136,,4,-380.49,withdrawal,2024-12-05 21:42:52
1137,,380,403.05,deposit,2024-07-08 20:16:42
1138,,562,542.63,deposit,2024-06-22 14:06:26
1139,22,350,-336.82,purchase,2024-10-27 18:30:15
1140,780,692,469.34,refund,2025-03-23 06:33:37
1141,222,880,19.06,refund,2025-02-28 01:16:04
1142,171,211,-453.76,purchase,2024-08-15 09:59:11
1143,379,817,-465.24,purchase,2024-07-22 21:31:38
1144,595,285,-461.39,purchase,2024-06-28 22:29:15
1145,,178,592.46,deposit,2025-01-06 22:08:25
1146,864,784,201.59,refund,2024-08-01 07:14:35
1147,,942,-303.73,withdrawal,2025-04-29 23:11:16
1148,,454,454.10,deposit,2024-06-05 02:35:18
1149,,361,795.65,deposit,2024-07-10 11:50:55
1150,,410,884.35,deposit,2024-08-08 09:18:34
1151,281,569,-255.94,purchase,2024-12-13 21:02:54
1152,718,214,38.23,refund,2024-11-21 10:48:49
1153,,317,-106.85,withdrawal,2024-07-27 20:42:25
1154,,685,-171.59,withdrawal,2024-08-17 06:07:21
1155,,739,369.25,deposit,2025-03-02 20:02:04
1156,193,553,466.55,refund,2024-10-03 04:50:13
1157,,469,-200.27,withdrawal,2025-03-01 13:06:25
1158,539,543,-116.85,purchase,2024-06-17 10:58:09
1159,,783,835.45,deposit,2024-06-07 22:00:18
1160,,409,265.87,deposit,2025-04-23 23:06:44
1161,896,700,-378.70,purchase,2024-12-16 15:08:27
1162,,68,509.30,deposit,2024-09-25 07:41:32
1163,,848,-445.25,withdrawal,2025-04-20 11:26:08
1164,19,759,428.26,refund,2024-06-06 15:28:57
1165,214,686,360.63,refund,2024-06-26 08:21:16
1166,,198,-327.36,withdrawal,2025-03-19 01:14:22
1167,208,799,-491.16,purchase,2025-04-29 21:44:16
1168,776,225,226.27,refund,2025-01-29 01:00:16
1169,715,298,497.43,refund,2024-09-22 00:24:17
1170,,22,90.59,deposit,2024-07-07 11:19:35
1171,732,191,256.27,refund,2024-06-21 14:56:05
1172,708,127,239.43,refund,2024-06-09 22:28:09
1173,58,419,-25.30,purchase,2024-09-15 09:04:39
1174,138,270,369.87,refund,2024-09-10 09:37:19
1175,215,885,-195.97,purchase,2024-10-12 09:00:36
1176,,228,-476.29,withdrawal,2024-10-18 01:36:11
1177,,905,799.45,deposit,2024-10-10 04:16:16
1178,,505,-461.26,withdrawal,2024-11-07 05:31:59
1179,491,16,47.22,refund,2024-07-01 20:07:41
1180,,563,445.79,deposit,2024-07-11 07:50:15
1181,423,937,-227.08,purchase,2024-12-30 11:29:07
1182,726,918,-250.07,purchase,2025-04-28 20:02:28
1183,,897,-313.09,withdrawal,2025-04-25 05:49:54
1184,,836,-145.28,withdrawal,2024-06-29 05:11:02
1185,372,440,-62.48,purchase,2024-12-18 13:19:30
1186,180,746,453.46,refund,2024-12-13 15:05:53
1187,682,934,413.52,refund,2024-05-06 17:02:10
1188,647,505,154.77,refund,2025-01-19 18:06:32
1189,,613,-360.92,withdrawal,2025-04-01 02:57:07
1190,,317,-473.56,withdrawal,2024-08-21 05:12:47
1191,,599,887.04,deposit,2025-03-10 13:55:07
1192,93,434,170.09,refund,2024-08-20 16:55:48
1193,,787,-336.50,withdrawal,2024-12-03 09:55:35
1194,792,503,-49.46,purchase,2024-07-09 23:56:27
1195,188,430,-66.26,purchase,2025-01-06 16:05:03
1196,146,745,330.31,refund,2024-07-30 02:53:51
1197,246,602,475.20,refund,2025-01-09 16:11:13
1198,878,28,-226.28,purchase,2024-07-12 07:07:17
1199,,202,-99.11,withdrawal,2024-09-03 02:37:56
1200,815,903,-370.55,purchase,2025-04-19 00:20:22
1201,,497,306.40,deposit,2024-09-24 08:57:02
1202,95,383,-453.26,purchase,2024-09-30 21:46:11
1203,,375,-358.15,withdrawal,2024-08-06 11:01:29
1204,,427,76.92,deposit,2025-01-16 11:43:49
1205,,462,111.39,deposit,2024-11-03 12:02:20
1206,,407,420.90,deposit,2024-11-06 08:45:21
1207,,103,-278.14,withdrawal,2024-05-22 01:09:34
1208,,620,730.33,deposit,2024-08-13 01:46:45
1209,518,182,-185.56,purchase,2024-10-10 03:16:08
1210,877,897,293.09,refund,2024-11-30 15:27:02
1211,799,296,-347.49,purchase,2025-02-05 04:37:49
1212,293,156,-259.76,purchase,2024-12-11 13:34:48
1213,,286,-304.49,withdrawal,2025-04-03 13:48:29
1214,942,325,393.06,refund,2025-03-23 20:28:17
1215,,142,-368.62,withdrawal,2025-02-01 10:17:22
1216,,429,-458.46,withdrawal,2024-11-24 06:03:16
1217,502,157,-442.57,purchase,2024-06-29 02:20:37
1218,,169,-253.83,withdrawal,2024-06-26 06:44:16
1219,771,147,-480.45,purchase,2024-12-09 11:24:25
1220,,142,-498.58,withdrawal,2024-12-18 22:18:18
1221,,88,704.44,deposit,2024-12-01 10:09:40
1222,285,163,358.29,refund,2024-09-21 15:54:44
1223,,239,574.11,deposit,2024-06-15 05:47:32
1224,810,151,382.09,refund,2024-05-31 23:34:40
1225,380,369,-168.90,purchase,2024-09-20 13:03:46
1226,,924,-376.38,withdrawal,2024-08-08 14:34:39
1227,,808,-158.00,withdrawal,2024-08-03 21:19:53
1228,,874,-423.14,withdrawal,2024-12-21 01:45:26
1229,,723,492.27,deposit,2025-04-26 22:40:52
1230,,726,-156.95,withdrawal,2024-09-09 00:41:19
1231,,484,413.80,deposit,2024-07-25 23:24:18
1232,23,949,253.05,refund,2024-12-10 09:59:36
1233,,982,-89.02,withdrawal,2024-07-02 02:15:22
1234,207,895,257.30,refund,2024-08-24 03:14:10
1235,,436,947.98,deposit,2024-08-28 00:39:36
1236,655,119,-38.41,purchase,2024-06-11 09:37:45
1237,371,787,182.65,refund,2024-11-26 13:51:43
1238,,581,215.18,deposit,2025-02-26 12:34:12
1239,,40,-100.14,withdrawal,2024-09-01 15:32:08
1240,808,562,200.98,refund,2025-01-11 19:21:37
1241,778,580,114.91,refund,2024-06-26 18:28:01
1242,787,340,-130.38,purchase,2025-02-21 18:57:30
1243,,986,986.74,deposit,2024-12-19 22:26:21
1244,55,876,83.25,refund,2024-09-09 11:13:11
1245,,408,558.26,deposit,2025-01-18 07:47:04
1246,,621,342.06,deposit,2025-03-15 05:16:13
1247,418,262,20.10,refund,2024-08-20 10:43:40
1248,310,751,317.56,refund,2024-11-01 05:09:56
1249,117,912,-110.11,purchase,2024-12-08 22:15:30
1250,,904,-233.45,withdrawal,2024-08-25 08:10:33
1251,,629,-228.20,withdrawal,2025-01-10 18:21:20
1252,481,357,239.73,refund,2024-10-18 05:45:01
1253,,535,-210.61,withdrawal,2024-07-03 02:50:19
1254,404,775,-343.79,purchase,2025-03-10 13:45:01
1255,227,615,480.51,refund,2024-09-27 06:18:48
1256,515,680,296.35,refund,2024-08-12 19:31:04
1257,825,780,-331.84,purchase,2024-06-07 19:34:46
1258,176,393,-58.40,purchase,2025-02-11 15:17:02
1259,671,818,-154.13,purchase,2025-02-14 01:35:08
1260,527,498,-373.64,purchase,2024-10-17 23:27:37
1261,460,586,-54.80,purchase,2024-06-24 01:25:05
1262,643,855,198.21,refund,2024-09-21 15:24:48
1263,,887,-96.64,withdrawal,2024-09-29 06:37:21
1264,201,679,46.25,refund,2024-12-16 20:17:20
1265,,889,883.33,deposit,2025-04-30 19:59:27
1266,,718,789.00,deposit,2024-05-13 15:38:47
1267,525,601,-244.79,purchase,2024-07-14 22:25:50
1268,,91,924.46,deposit,2025-01-11 10:16:24
1269,234,170,-396.93,purchase,2025-04-07 04:38:15
1270,,674,-260.61,withdrawal,2024-12-15 04:31:05
1271,,341,671.40,deposit,2025-04-18 13:41:05
1272,,231,475.89,deposit,2025-03-05 07:08:41
1273,839,494,57.95,refund,2024-05-11 22:43:57
1274,,304,-381.72,withdrawal,2024-12-14 02:33:23
1275,,908,229.30,deposit,2024-10-27 21:53:28
1276,756,645,-346.11,purchase,2024-11-20 11:09:20
1277,329,194,-272.38,purchase,2025-04-24 04:29:42
1278,790,995,221.17,refund,2024-07-08 19:19:22
1279,,680,-306.20,withdrawal,2025-04-02 10:48:16
1280,947,517,153.64,refund,2025-03-05 14:24:46
1281,147,45,429.60,refund,2025-01-24 05:20:36
1282,,724,668.47,deposit,2025-04-15 03:29:39
1283,,653,-230.20,withdrawal,2024-11-29 21:21:29
1284,,628,660.03,deposit,2024-10-10 16:11:24
1285,604,175,-191.57,purchase,2024-10-30 21:27:04
1286,,19,-345.45,withdrawal,2025-03-13 21:30:47
1287,455,558,-89.71,purchase,2024-05-30 21:09:28
1288,24,851,-480.71,purchase,2025-02-16 19:34:20
1289,,775,-238.18,withdrawal,2024-12-23 23:43:55
1290,264,76,-262.40,purchase,2025-04-19 08:26:20
1291,116,300,-437.24,purchase,2025-03-12 09:07:47
1292,,650,-146.77,withdrawal,2024-10-10 14:13:46
1293,,373,-170.38,withdrawal,2025-04-06 01:39:44
1294,,653,-198.21,withdrawal,2024-07-19 06:47:36
1295,,442,-295.21,withdrawal,2024-07-10 18:39:15
1296,,690,-332.47,withdrawal,2025-04-05 16:21:51
1297,530,231,271.04,refund,2025-02-05 08:13:53
1298,,796,83.49,deposit,2024-05-11 15:05:49
1299,,674,350.75,deposit,2025-02-15 08:57:57
1300,456,103,-281.09,purchase,2025-03-22 08:37:13
1301,693,716,467.64,refund,2024-11-09 12:24:18
1302,,767,685.07,deposit,2024-06-27 10:38:42
1303,,700,300.67,deposit,2025-01-24 20:59:13
1304,,637,478.65,deposit,2025-03-07 01:37:22
1305,,747,698.03,deposit,2025-03-04 11:11:13
1306,,949,-412.67,withdrawal,2024-12-07 19:02:15
1307,,558,-494.04,withdrawal,2024-09-25 21:08:16
1308,863,425,457.47,refund,2024-10-13 08:14:50
1309,,737,595.44,deposit,2025-03-25 19:27:36
1310,,926,587.55,deposit,2025-03-19 02:07:43
1311,153,233,200.41,refund,2024-11-04 23:40:31
1312,,444,881.64,deposit,2024-07-16 11:51:41
1313,,510,403.85,deposit,2025-04-05 22:20:14
1314,326,755,432.63,refund,2024-06-16 06:26:38
1315,122,543,-45.70,purchase,2025-02-14 14:38:12
1316,641,874,246.76,refund,2024-05-27 14:51:07
1317,,193,942.43,deposit,2025-02-13 14:04:00
1318,,64,-198.03,withdrawal,2024-05-28 21:27:49
1319,,322,-375.62,withdrawal,2025-04-09 12:26:06
1320,69,374,142.75,refund,2024-09-27 05:39:38
1321,,111,398.91,deposit,2024-12-13 15:52:05
1322,,243,-454.65,withdrawal,2024-07-09 14:15:13
1323,341,195,351.17,refund,2024-05-10 14:35:32
1324,,127,-247.68,withdrawal,2024-10-10 19:13:24
1325,,712,928.19,deposit,2024-07-02 03:46:07
1326,,771,718.93,deposit,2025-01-04 07:13:00
1327,691,204,-26.77,purchase,2024-12-02 21:00:25
1328,,847,-475.71,withdrawal,2025-01-29 03:06:40
1329,615,169,106.54,refund,2024-11-01 04:28:26
1330,,342,-121.94,withdrawal,2025-03-06 17:34:48
1331,,572,161.31,deposit,2024-07-07 18:20:03
1332,370,308,-267.77,purchase,2024-11-30 22:57:07
1333,,428,794.92,deposit,2025-04-27 05:52:50
1334,,985,-92.57,withdrawal,2024-12-21 14:02:50
1335,356,684,350.62,refund,2024-10-12 20:57:40
1336,443,901,-153.10,purchase,2024-12-28 08:13:21
1337,,232,-218.41,withdrawal,2024-05-05 05:04:15
1338,303,148,-123.86,purchase,2024-07-29 11:36:53
1339,28,235,-125.23,purchase,2024-11-04 20:19:14
1340,121,341,-158.30,purchase,2025-02-01 14:24:52
1341,,412,253.22,deposit,2024-06-22 14:55:49
1342,,177,502.17,deposit,2024-08-06 04:53:20
1343,,747,498.30,deposit,2025-03-16 00:47:09
1344,,747,746.55,deposit,2024-08-05 16:47:45
1345,,688,882.81,deposit,2024-11-29 12:36:08
1346,,853,708.51,deposit,2025-04-30 06:37:33
1347,600,600,455.37,refund,2025-03-04 19:20:35
1348,239,138,237.19,refund,2025-03-10 07:26:22
1349,,27,245.65,deposit,2024-11-09 05:35:58
1350,,347,81.44,deposit,2024-11-12 16:14:17
1351,,638,-115.60,withdrawal,2024-09-04 13:33:45
1352,,677,-456.51,withdrawal,2025-01-25 21:29:18
1353,88,48,-387.88,purchase,2024-12-14 06:38:15
1354,,763,-64.68,withdrawal,2024-08-14 18:28:09
1355,403,634,213.67,refund,2024-08-23 03:01:32
1356,740,310,-37.21,purchase,2025-02-12 03:31:46
1357,78,397,-310.08,purchase,2024-06-07 05:45:03
1358,397,329,-490.06,purchase,2024-11-04 20:01:14
1359,174,875,-432.51,purchase,2024-08-23 02:45:43
1360,,439,-186.41,withdrawal,2025-02-22 12:56:13
1361,,886,341.55,deposit,2025-01-11 04:00:46
1362,304,979,-416.59,purchase,2024-05-04 19:14:21
1363,,992,-416.41,withdrawal,2025-04-17 16:51:57
1364,,684,-320.95,withdrawal,2024-12-22 02:42:32
1365,520,602,-102.45,purchase,2024-08-13 02:29:16
1366,,880,-498.35,withdrawal,2025-02-10 00:23:19
1367,84,428,-180.40,purchase,2024-08-08 12:57:45
1368,547,560,-409.76,purchase,2024-11-17 05:17:26
1369,,493,510.57,deposit,2024-10-06 01:35:24
1370,,348,141.53,deposit,2024-06-17 18:58:08
1371,,141,-231.56,withdrawal,2024-09-29 00:11:22
1372,52,597,24.36,refund,2024-09-16 17:01:08
1373,180,648,66.54,refund,2024-07-28 02:59:17
1374,,970,-268.48,withdrawal,2024-08-02 02:14:07
1375,,995,-436.75,withdrawal,2024-05-24 16:23:03
1376,361,110,-392.71,purchase,2024-11-05 00:29:26
1377,130,464,172.71,refund,2024-12-29 00:47:51
1378,,564,-64.83,withdrawal,2024-09-18 13:13:14
1379,,267,677.20,deposit,2025-03-05 20:26:40
1380,32,916,99.08,refund,2024-08-12 23:16:08
1381,669,669,108.89,refund,2025-01-16 10:52:25
1382,,274,256.80,deposit,2025-01-24 03:50:16
1383,108,302,-115.48,purchase,2025-03-20 10:37:52
1384,311,861,-18.25,purchase,2025-03-23 16:54:47
1385,,85,-352.00,withdrawal,2025-03-17 02:47:11
1386,298,73,277.90,refund,2024-06-08 10:56:44
1387,496,53,-273.82,purchase,2025-01-02 02:15:00
1388,295,381,-144.79,purchase,2024-10-12 21:13:12
1389,,790,-59.55,withdrawal,2025-04-16 22:51:17
1390,,38,143.65,deposit,2024-07-04 11:30:48
1391,88,201,92.64,refund,2024-07-14 22:08:04
1392,,137,407.03,deposit,2024-06-02 03:32:54
1393,,838,428.85,deposit,2024-09-05 06:25:57
1394,,884,-402.36,withdrawal,2024-10-08 08:12:28
1395,672,904,122.28,refund,2025-02-09 11:54:50
1396,,695,-138.89,withdrawal,2025-02-06 20:16:56
1397,,331,506.22,deposit,2025-01-13 22:25:17
1398,,699,-137.17,withdrawal,2025-04-23 13:31:45
1399,520,20,-75.79,purchase,2024-11-22 23:13:38
1400,,447,469.71,deposit,2024-09-10 14:42:47
1401,487,627,337.71,refund,2025-03-28 20:11:42
1402,,140,136.99,deposit,2025-04-12 12:53:17
1403,,254,61.65,deposit,2024-11-24 14:51:38
1404,775,511,-121.90,purchase,2024-06-19 19:27:47
1405,514,8,-28.29,purchase,2025-02-05 20:00:50
1406,528,645,367.61,refund,2024-08-16 16:59:34
1407,,643,148.45,deposit,2024-05-18 06:25:38
1408,,783,-169.58,withdrawal,2024-12-14 06:26:23
1409,229,789,-478.96,purchase,2024-06-23 06:04:16
1410,,679,-336.73,withdrawal,2025-03-14 02:51:01
1411,184,479,-324.27,purchase,2024-07-20 17:23:14
1412,,180,-494.60,withdrawal,2024-06-21 23:56:20
1413,758,320,229.55,refund,2024-08-24 07:22:01
1414,496,963,473.80,refund,2024-09-22 21:57:17
1415,598,771,-187.48,purchase,2025-04-12 21:43:54
1416,,696,479.68,deposit,2025-03-13 13:18:05
1417,594,876,251.49,refund,2025-02-04 06:27:02
1418,648,925,-321.99,purchase,2024-12-31 14:35:30
1419,,916,951.05,deposit,2024-08-16 20:27:07
1420,511,69,-482.61,purchase,2025-01-04 02:54:00
1421,895,601,58.78,refund,2024-07-23 09:29:00
1422,,591,-374.14,withdrawal,2024-09-04 21:59:37
1423,,369,783.82,deposit,2024-07-02 06:15:38
1424,325,133,-229.22,purchase,2024-08-01 02:17:47
1425,949,785,269.03,refund,2024-09-09 09:55:31
1426,897,452,-250.01,purchase,2024-06-17 00:56:39
1427,,122,-344.37,withdrawal,2024-11-18 20:00:00
1428,,85,-292.44,withdrawal,2025-03-05 19:44:37
1429,,558,605.07,deposit,2024-12-31 04:52:50
1430,,554,714.37,deposit,2024-09-21 00:35:57
1431,646,721,-117.16,purchase,2024-07-27 15:19:25
1432,,47,-382.04,withdrawal,2024-12-30 12:35:54
1433,97,130,-161.38,purchase,2024-11-19 08:27:36
1434,849,67,-15.55,purchase,2024-08-14 15:42:41
1435,684,801,-89.72,purchase,2024-12-29 13:17:15
1436,,474,994.50,deposit,2025-02-04 21:49:32
1437,,778,-177.14,withdrawal,2024-11-26 07:46:08
1438,843,22,-97.49,purchase,2025-01-03 07:26:35
1439,910,817,-330.56,purchase,2024-09-18 00:21:11
1440,493,688,-323.42,purchase,2024-08-03 04:48:21
1441,,316,-393.72,withdrawal,2024-06-21 07:32:49
1442,,383,-349.39,withdrawal,2025-04-25 16:51:27
1443,929,34,-272.74,purchase,2024-08-04 06:01:42
1444,,208,902.74,deposit,2025-04-21 03:08:39
1445,259,265,-19.27,purchase,2024-05-21 17:26:53
1446,,291,-274.75,withdrawal,2024-08-02 02:33:47
1447,682,427,-309.17,purchase,2024-10-29 08:57:14
1448,293,896,441.35,refund,2024-05-01 23:07:45
1449,603,969,416.97,refund,2024-07-18 21:29:22
1450,144,45,-107.51,purchase,2024-09-06 08:00:51
1451,95,818,-350.32,purchase,2025-03-19 17:40:51
1452,8,513,76.49,refund,2024-11-20 08:51:04
1453,,158,-455.29,withdrawal,2024-12-02 11:29:47
1454,354,549,-158.17,purchase,2024-08-18 11:15:24
1455,719,757,-37.10,purchase,2024-10-01 12:23:59
1456,,31,-146.32,withdrawal,2024-11-24 23:29:49
1457,500,954,-214.12,purchase,2024-06-11 17:11:13
1458,,346,-57.65,withdrawal,2024-09-02 19:21:00
1459,946,317,-179.61,purchase,2024-06-12 15:10:41
1460,,887,445.48,deposit,2024-10-02 21:47:59
1461,979,520,253.93,refund,2024-05-23 06:48:54
1462,397,145,-327.99,purchase,2024-08-08 03:21:03
1463,,884,-201.99,withdrawal,2024-10-12 08:26:51
1464,,102,932.77,deposit,2024-05-08 02:42:39
1465,904,424,181.10,refund,2024-07-28 09:53:07
1466,267,163,213.83,refund,2024-08-13 15:34:24
1467,826,710,156.39,refund,2025-04-30 16:13:41
1468,995,856,-326.96,purchase,2024-12-31 19:05:48
1469,,560,482.09,deposit,2024-07-12 04:12:57
1470,,125,-430.13,withdrawal,2024-09-16 14:18:11
1471,618,374,-410.25,purchase,2024-05-17 09:20:57
1472,,612,282.32,deposit,2024-07-13 20:03:07
1473,594,646,497.88,refund,2024-05-17 19:00:53
1474,,190,534.64,deposit,2024-12-20 11:48:50
1475,,472,608.57,deposit,2024-11-15 10:20:58
1476,591,624,-124.70,purchase,2025-01-04 02:48:28
1477,,698,-377.80,withdrawal,2024-11-05 17:46:19
1478,737,480,-436.65,purchase,2024-06-29 02:51:54
1479,,294,893.82,deposit,2024-07-11 17:57:25
1480,,375,500.65,deposit,2024-11-23 11:30:25
1481,,772,410.78,deposit,2024-07-09 16:25:07
1482,,392,747.71,deposit,2024-07-25 00:55:41
1483,490,547,-202.33,purchase,2024-09-02 21:30:27
1484,742,484,113.88,refund,2024-05-06 01:27:40
1485,,814,-390.65,withdrawal,2025-03-26 07:32:37
1486,537,168,367.09,refund,2024-07-08 07:56:14
1487,508,11,-89.61,purchase,2025-03-30 12:41:56
1488,,229,-75.56,withdrawal,2025-03-10 00:11:26
1489,,984,365.08,deposit,2025-04-13 12:23:49
1490,481,591,-427.16,purchase,2025-03-12 15:20:17
1491,229,800,-95.63,purchase,2024-06-28 11:09:36
1492,566,786,-303.64,purchase,2024-09-30 18:45:08
1493,773,741,433.77,refund,2024-05-28 10:26:11
1494,648,309,-477.13,purchase,2025-04-22 22:20:23
1495,83,179,284.07,refund,2025-02-20 20:29:12
1496,,667,737.92,deposit,2024-12-30 07:05:12
1497,581,440,-472.77,purchase,2024-09-17 06:20:39
1498,,129,169.11,deposit,2024-06-20 07:53:49
1499,,437,-138.62,withdrawal,2025-01-28 17:30:06
1500,91,918,-309.29,purchase,2024-08-19 11:03:07
