1,866,2025-04-07 12:45:30
2,904,2025-04-19 04:21:17
3,709,2025-04-02 12:27:12
4,739,2025-04-12 05:41:52
5,672,2025-04-05 06:22:40
6,859,2025-04-22 03:11:14
7,209,2025-04-04 04:55:58
8,736,2025-04-11 00:47:20
9,754,2025-04-14 18:06:31
10,492,2025-04-14 02:32:42
11,650,2025-04-26 14:19:53
12,520,2025-04-29 14:44:06
13,186,2025-04-30 09:28:57
14,112,2025-04-28 10:19:49
15,249,2025-04-19 21:15:00
16,96,2025-04-17 16:30:35
17,98,2025-04-09 21:10:15
18,524,2025-04-17 17:19:56
19,980,2025-04-24 18:39:59
20,411,2025-04-18 00:15:23
21,862,2025-04-19 16:03:11
22,212,2025-04-22 16:08:04
23,218,2025-04-28 10:51:42
24,968,2025-04-08 20:33:54
25,895,2025-04-29 21:47:47
26,697,2025-04-19 11:16:43
27,537,2025-04-08 04:58:47
28,693,2025-04-21 01:51:34
29,42,2025-04-16 10:09:16
30,235,2025-04-20 07:04:24
31,588,2025-04-29 22:05:29
32,228,2025-04-11 00:06:18
33,937,2025-04-29 09:47:33
34,569,2025-04-07 22:13:46
35,359,2025-04-14 16:04:06
36,16,2025-04-19 00:23:38
37,17,2025-04-01 04:54:04
38,155,2025-04-06 14:18:01
39,318,2025-04-07 01:38:07
40,401,2025-04-25 13:36:45
41,600,2025-04-09 06:29:50
42,624,2025-04-12 23:30:55
43,4,2025-04-13 23:17:25
44,544,2025-04-12 10:13:08
45,647,2025-04-14 20:31:54
46,341,2025-04-05 16:45:40
47,662,2025-04-25 18:46:26
48,143,2025-04-20 10:00:10
49,343,2025-04-23 01:41:47
50,772,2025-04-15 22:00:38
51,976,2025-04-15 13:49:37
52,822,2025-04-15 02:17:25
53,750,2025-04-23 08:45:27
54,938,2025-04-15 09:11:44
55,188,2025-04-21 19:07:44
56,964,2025-04-01 22:49:18
57,407,2025-04-12 14:24:17
58,232,2025-04-12 13:50:52
59,510,2025-04-13 10:08:38
60,460,2025-04-27 19:39:47
61,912,2025-04-04 02:32:12
62,132,2025-04-05 11:27:05
63,906,2025-04-15 18:07:13
64,931,2025-04-10 08:17:42
65,714,2025-04-17 18:56:03
66,127,2025-04-12 02:07:45
67,358,2025-04-29 22:59:55
68,622,2025-04-05 17:35:19
69,816,2025-04-29 07:40:13
70,589,2025-04-10 17:55:18
71,843,2025-04-03 07:09:20
72,808,2025-04-21 12:02:57
73,923,2025-04-22 18:33:04
74,464,2025-04-01 18:18:10
75,1000,2025-04-09 02:13:24
76,369,2025-04-24 03:20:50
77,566,2025-04-24 06:11:31
78,543,2025-04-26 02:16:39
79,379,2025-04-12 04:33:55
80,542,2025-04-12 02:36:31
81,102,2025-04-20 01:18:28
82,674,2025-04-20 00:16:01
83,166,2025-04-08 23:01:04
84,683,2025-04-02 01:04:35
85,172,2025-04-24 22:55:25
86,152,2025-04-03 11:24:09
87,294,2025-04-04 03:33:31
88,710,2025-04-30 08:25:31
89,100,2025-04-03 23:33:20
90,518,2025-04-06 20:50:32
91,350,2025-04-27 11:45:52
92,722,2025-04-26 13:01:51
93,887,2025-04-24 08:32:20
94,69,2025-04-20 19:44:22
95,513,2025-04-23 17:22:47
96,817,2025-04-15 19:59:20
97,924,2025-04-26 14:10:18
98,57,2025-04-30 17:52:02
99,875,2025-04-11 16:40:39
100,839,2025-04-02 06:54:49
101,153,2025-04-30 14:29:24
102,985,2025-04-23 20:32:25
103,83,2025-04-07 18:23:16
104,154,2025-04-20 17:45:34
105,34,2025-04-23 08:39:00
106,804,2025-04-09 09:05:49
107,221,2025-04-09 11:15:38
108,700,2025-04-13 06:20:59
109,11,2025-04-02 23:26:50
110,741,2025-04-24 09:15:44
111,23,2025-04-11 20:20:56
112,87,2025-04-06 06:26:15
113,321,2025-04-30 12:58:20
114,439,2025-04-15 23:10:56
115,801,2025-04-17 05:42:23
116,329,2025-04-10 13:20:48
117,137,2025-04-20 13:27:20
118,655,2025-04-23 04:29:40
119,611,2025-04-19 12:03:32
120,425,2025-04-19 02:41:24
121,349,2025-04-23 20:49:24
122,957,2025-04-21 22:31:45
123,961,2025-04-26 10:21:40
124,240,2025-04-30 06:30:19
125,946,2025-04-26 18:25:54
126,680,2025-04-22 21:23:22
127,883,2025-04-26 00:07:27
128,331,2025-04-07 20:34:30
129,784,2025-04-01 23:23:15
130,926,2025-04-30 21:55:51
131,272,2025-04-19 21:57:19
132,890,2025-04-20 12:04:51
133,725,2025-04-05 18:06:36
134,590,2025-04-15 03:55:24
135,141,2025-04-30 05:32:26
136,913,2025-04-10 03:30:54
137,6,2025-04-22 14:13:53
138,82,2025-04-17 21:40:43
139,107,2025-04-03 03:38:16
140,3,2025-04-07 22:12:32
141,896,2025-04-30 14:14:22
142,607,2025-04-16 22:41:48
143,113,2025-04-03 03:38:44
144,851,2025-04-02 18:02:01
145,387,2025-04-02 02:09:09
146,245,2025-04-28 04:58:07
147,465,2025-04-06 22:02:55
148,271,2025-04-01 04:05:23
149,654,2025-04-08 18:45:10
150,199,2025-04-01 15:39:22
151,388,2025-04-08 16:43:47
152,699,2025-04-24 05:09:54
153,696,2025-04-08 00:57:24
154,729,2025-04-10 10:12:33
155,29,2025-04-01 09:44:52
156,441,2025-04-23 04:28:32
157,568,2025-04-19 23:07:44
158,952,2025-04-20 00:46:01
159,945,2025-04-02 14:43:28
160,130,2025-04-09 07:11:35
161,499,2025-04-27 00:21:43
162,805,2025-04-21 09:29:48
163,868,2025-04-15 14:14:54
164,775,2025-04-24 06:37:18
165,66,2025-04-26 06:39:56
166,669,2025-04-22 23:33:37
167,469,2025-04-29 14:28:22
168,630,2025-04-22 00:45:07
169,433,2025-04-06 05:14:12
170,737,2025-04-12 08:12:59
171,478,2025-04-29 12:36:59
172,914,2025-04-25 19:31:30
173,688,2025-04-15 13:34:45
174,470,2025-04-02 05:25:32
175,250,2025-04-12 10:23:55
176,471,2025-04-24 20:03:10
177,626,2025-04-23 01:25:17
178,863,2025-04-22 11:42:57
179,252,2025-04-02 18:46:09
180,46,2025-04-08 14:32:59
181,721,2025-04-14 01:15:50
182,878,2025-04-27 09:57:35
183,89,2025-04-16 02:44:20
184,229,2025-04-02 02:58:15
185,571,2025-04-06 10:57:39
186,419,2025-04-01 10:39:28
187,139,2025-04-15 10:10:19
188,85,2025-04-14 20:53:33
189,253,2025-04-11 12:18:26
190,393,2025-04-22 18:17:13
191,844,2025-04-09 19:32:25
192,399,2025-04-15 09:08:48
193,114,2025-04-23 07:14:51
194,870,2025-04-30 07:32:55
195,503,2025-04-13 17:30:47
196,28,2025-04-19 17:20:55
197,135,2025-04-17 12:27:34
198,769,2025-04-29 06:42:37
199,334,2025-04-17 10:47:25
200,81,2025-04-21 07:11:42
201,7,2025-04-03 12:29:22
202,749,2025-04-17 17:24:12
203,516,2025-04-03 14:25:57
204,146,2025-04-18 17:31:20
205,864,2025-04-15 15:41:07
206,346,2025-04-26 12:49:02
207,903,2025-04-28 17:10:22
208,315,2025-04-27 03:43:11
209,658,2025-04-08 07:56:29
210,159,2025-04-06 05:07:53
211,287,2025-04-09 12:11:52
212,251,2025-04-21 09:18:52
213,665,2025-04-29 01:11:20
214,694,2025-04-15 08:16:30
215,757,2025-04-14 10:28:00
216,323,2025-04-04 07:34:26
217,554,2025-04-16 00:45:46
218,649,2025-04-28 07:20:51
219,893,2025-04-29 02:04:32
220,257,2025-04-24 16:51:19
221,818,2025-04-22 03:39:26
222,671,2025-04-27 18:29:14
223,136,2025-04-25 06:08:46
224,131,2025-04-12 10:52:46
225,417,2025-04-14 07:55:34
226,175,2025-04-10 15:05:40
227,231,2025-04-21 12:22:26
228,1,2025-04-26 21:02:07
229,522,2025-04-05 20:15:31
230,95,2025-04-20 17:47:42
231,731,2025-04-11 22:48:37
232,290,2025-04-06 18:40:37
233,515,2025-04-06 05:48:45
234,261,2025-04-04 03:25:25
235,970,2025-04-05 01:40:08
236,733,2025-04-09 19:02:34
237,337,2025-04-05 22:52:38
238,578,2025-04-18 06:47:11
239,584,2025-04-13 05:35:47
240,339,2025-04-27 04:38:26
241,897,2025-04-25 14:02:41
242,790,2025-04-26 07:06:38
243,277,2025-04-27 00:59:39
244,474,2025-04-06 13:15:33
245,774,2025-04-15 06:49:35
246,950,2025-04-14 10:58:33
247,549,2025-04-22 20:26:07
248,562,2025-04-24 00:22:38
249,927,2025-04-21 08:01:46
250,525,2025-04-06 13:09:43
251,450,2025-04-20 20:14:41
252,481,2025-04-30 01:50:02
253,342,2025-04-15 13:48:28
254,545,2025-04-21 02:46:24
255,275,2025-04-19 06:14:02
256,254,2025-04-03 16:25:03
257,268,2025-04-09 02:46:23
258,487,2025-04-09 01:19:53
259,484,2025-04-21 14:47:31
260,831,2025-04-09 19:58:26
261,619,2025-04-15 09:42:52
262,530,2025-04-26 11:58:48
263,297,2025-04-14 01:40:47
264,299,2025-04-23 15:57:00
265,623,2025-04-25 21:11:12
266,676,2025-04-10 11:11:46
267,398,2025-04-28 22:13:09
268,922,2025-04-25 03:45:09
269,705,2025-04-07 00:13:47
270,583,2025-04-10 15:58:28
271,292,2025-04-12 07:01:54
272,529,2025-04-11 02:12:51
273,317,2025-04-19 13:40:01
274,322,2025-04-12 22:39:24
275,370,2025-04-21 20:10:05
276,326,2025-04-27 20:16:17
277,830,2025-04-07 12:38:03
278,723,2025-04-27 23:17:38
279,574,2025-04-20 07:32:32
280,242,2025-04-11 07:24:21
281,684,2025-04-06 18:12:27
282,65,2025-04-04 13:13:31
283,39,2025-04-17 03:29:32
284,185,2025-04-24 17:05:45
285,949,2025-04-11 00:14:16
286,917,2025-04-15 06:36:18
287,806,2025-04-23 06:35:23
288,476,2025-04-03 07:11:59
289,745,2025-04-03 18:53:53
290,71,2025-04-26 20:51:56
291,400,2025-04-18 00:32:45
292,708,2025-04-22 14:44:31
293,636,2025-04-07 00:04:33
294,657,2025-04-23 18:21:53
295,263,2025-04-30 03:38:23
296,328,2025-04-30 19:54:17
297,509,2025-04-02 02:32:22
298,602,2025-04-23 20:37:36
299,811,2025-04-29 11:29:40
300,108,2025-04-28 01:01:05
301,273,2025-04-27 11:55:55
302,156,2025-04-03 15:30:16
303,493,2025-04-30 06:34:35
304,140,2025-04-13 03:10:18
305,303,2025-04-24 10:49:02
306,585,2025-04-19 13:04:27
307,795,2025-04-22 12:09:34
308,629,2025-04-25 07:09:22
309,717,2025-04-30 09:35:56
310,947,2025-04-21 22:53:20
311,951,2025-04-10 20:15:00
312,332,2025-04-27 09:36:12
313,164,2025-04-13 02:28:16
314,612,2025-04-04 06:30:35
315,713,2025-04-16 11:29:45
316,121,2025-04-11 18:42:03
317,891,2025-04-05 21:49:46
318,712,2025-04-14 16:25:45
319,771,2025-04-20 23:22:37
320,785,2025-04-16 19:15:47
321,960,2025-04-28 00:52:57
322,898,2025-04-10 01:46:13
323,668,2025-04-22 16:19:36
324,147,2025-04-06 00:13:04
325,720,2025-04-16 02:40:56
326,840,2025-04-11 17:41:01
327,963,2025-04-14 05:07:53
328,768,2025-04-12 20:12:29
329,314,2025-04-05 23:15:31
330,300,2025-04-16 12:10:45
331,431,2025-04-16 17:57:44
332,747,2025-04-08 06:30:11
333,846,2025-04-21 07:05:18
334,954,2025-04-17 07:18:53
335,981,2025-04-06 14:51:53
336,27,2025-04-17 17:41:58
337,548,2025-04-02 07:14:54
338,899,2025-04-07 22:55:47
339,230,2025-04-06 04:28:38
340,31,2025-04-21 09:42:39
341,815,2025-04-20 19:03:43
342,621,2025-04-01 06:01:55
343,36,2025-04-12 03:13:25
344,125,2025-04-25 20:51:44
345,940,2025-04-04 00:58:53
346,38,2025-04-24 17:22:15
347,508,2025-04-08 01:45:39
348,659,2025-04-24 08:18:29
349,854,2025-04-12 16:44:15
350,925,2025-04-15 19:51:44
351,642,2025-04-06 06:09:04
352,620,2025-04-05 10:37:04
353,184,2025-04-16 20:50:47
354,511,2025-04-19 22:32:09
355,558,2025-04-14 01:48:50
356,307,2025-04-13 17:49:40
357,205,2025-04-22 01:01:29
358,446,2025-04-07 00:43:17
359,204,2025-04-10 04:50:23
360,37,2025-04-10 04:13:10
361,701,2025-04-19 22:17:09
362,998,2025-04-14 22:52:58
363,423,2025-04-25 19:10:17
364,430,2025-04-18 22:47:32
365,122,2025-04-15 01:55:19
366,482,2025-04-18 10:01:31
367,364,2025-04-08 16:40:32
368,267,2025-04-15 00:54:09
369,656,2025-04-05 17:05:39
370,26,2025-04-02 02:12:59
371,941,2025-04-15 16:35:53
372,289,2025-04-01 04:16:44
373,608,2025-04-17 18:08:40
374,363,2025-04-22 06:47:28
375,504,2025-04-04 19:56:49
376,732,2025-04-16 09:10:34
377,643,2025-04-16 12:31:56
378,514,2025-04-13 01:45:10
379,526,2025-04-06 19:37:18
380,538,2025-04-12 18:14:43
381,394,2025-04-07 14:07:02
382,800,2025-04-14 06:00:21
383,861,2025-04-02 00:28:22
384,972,2025-04-21 02:14:32
385,973,2025-04-27 21:00:22
386,45,2025-04-22 01:00:32
387,129,2025-04-26 14:54:02
388,653,2025-04-20 12:27:35
389,285,2025-04-18 19:56:25
390,160,2025-04-07 19:04:01
391,236,2025-04-11 00:29:58
392,944,2025-04-30 08:58:42
393,144,2025-04-09 06:08:55
394,496,2025-04-26 11:34:16
395,211,2025-04-20 14:38:08
396,190,2025-04-24 04:58:45
397,187,2025-04-01 19:25:48
398,451,2025-04-07 13:01:24
399,885,2025-04-11 04:05:00
400,22,2025-04-21 04:12:52
