1,Electronics,Discover the latest technology and gadgets for work and entertainment.,
2,Clothing,Find stylish and comfortable clothing for every occasion and season.,
3,Home & Kitchen,"Everything you need to make your house a home, from essentials to decor.",
4,Beauty & Personal Care,Top-quality beauty products and personal care essentials.,
5,Sports & Outdoors,Gear and equipment for all your favorite sports and outdoor activities.,
6,Books,Explore our vast collection of books across all genres and interests.,
7,Toys & Games,Fun and educational toys and games for all ages.,
8,Automotive,Keep your vehicle running smoothly with our automotive products.,
9,Health & Wellness,Products to help you maintain a healthy lifestyle and well-being.,
10,Jewelry,Beautiful jewelry pieces to complement any style or occasion.,
11,Board Games,Products in our Board Games collection within Toys & Games.,7
12,Makeup,Products in our Makeup collection within Beauty & Personal Care.,4
13,Kids' Clothing,Products in our Kids' Clothing collection within Clothing.,2
14,Personal Care,Products in our Personal Care collection within Health & Wellness.,9
15,Exterior,Products in our Exterior collection within Automotive.,8
16,Men's Jewelry,Products in our Men's Jewelry collection within Jewelry.,10
17,Tires & Wheels,Products in our Tires & Wheels collection within Automotive.,8
18,Motorcycle,Products in our Motorcycle collection within Automotive.,8
19,Oils & Fluids,Products in our Oils & Fluids collection within Automotive.,8
20,Natural Beauty,Products in our Natural Beauty collection within Beauty & Personal Care.,4
21,Fiction,Products in our Fiction collection within Books.,6
22,Necklaces,Products in our Necklaces collection within Jewelry.,10
23,Kids' Clothing,Products in our Kids' Clothing collection within Clothing.,2
24,Educational Toys,Products in our Educational Toys collection within Toys & Games.,7
25,Activewear,Products in our Activewear collection within Clothing.,2
26,Sleep Aids,Products in our Sleep Aids collection within Health & Wellness.,9
27,Tires & Wheels,Products in our Tires & Wheels collection within Automotive.,8
28,History,Products in our History collection within Books.,6
29,Lighting,Products in our Lighting collection within Home & Kitchen.,3
30,Stuffed Animals,Products in our Stuffed Animals collection within Toys & Games.,7
31,Cookware,Products in our Cookware collection within Home & Kitchen.,3
32,Action Figures,Products in our Action Figures collection within Toys & Games.,7
33,Kids' Clothing,Products in our Kids' Clothing collection within Clothing.,2
34,Home Decor,Products in our Home Decor collection within Home & Kitchen.,3
35,Wellness Equipment,Products in our Wellness Equipment collection within Health & Wellness.,9
36,Accessories,Products in our Accessories collection within Clothing.,2
37,Monitors,Products in our Monitors collection within Electronics.,1
38,Massage,Products in our Massage collection within Health & Wellness.,9
39,Wedding & Engagement,Products in our Wedding & Engagement collection within Jewelry.,10
40,Jewelry Boxes,Products in our Jewelry Boxes collection within Jewelry.,10
41,Vitamins & Supplements,Products in our Vitamins & Supplements collection within Health & Wellness.,9
42,Laptops,Products in our Laptops collection within Electronics.,1
43,Earrings,Products in our Earrings collection within Jewelry.,10
44,Water Sports,Products in our Water Sports collection within Sports & Outdoors.,5
45,Watches,Products in our Watches collection within Jewelry.,10
46,Men's Grooming,Products in our Men's Grooming collection within Beauty & Personal Care.,4
47,Arts & Crafts,Products in our Arts & Crafts collection within Toys & Games.,7
48,Building Toys,Products in our Building Toys collection within Toys & Games.,7
49,Wedding & Engagement,Products in our Wedding & Engagement collection within Jewelry.,10
50,Stuffed Animals,Products in our Stuffed Animals collection within Toys & Games.,7
