1,134,58,Not a great experience. Communication was poor and the item arrived later than promised. Product quality was also less than expected.,2,2024-07-26 18:00:40
2,175,133,Satisfied with this purchase. The seller was professional and the product matched the description. A small packaging issue prevents a 5-star rating.,4,2024-05-22 08:28:55
3,8,235,"Worst online shopping experience ever. Wrong item shipped, seller refused to correct the mistake, and was rude in communications.",1,2024-12-04 16:59:05
4,33,181,Reliable seller with quality products. The item was well-packaged and as described. Only minor issue was a slight delay in shipping.,4,2024-07-06 00:57:16
5,150,768,Satisfactory transaction. The item is as described but the packaging could have been better. Delivery was within the estimated timeframe.,3,2025-01-26 21:22:32
6,72,436,"Good experience overall. The seller was responsive, the item was as pictured, and shipping was reasonable. Would recommend with minor reservations.",4,2024-05-26 22:29:40
7,134,568,Amazing seller! They went above and beyond to make sure I was satisfied with my purchase. Fast shipping and product exactly as advertised.,5,2025-02-05 12:39:02
8,30,634,"Good experience overall. The seller was responsive, the item was as pictured, and shipping was reasonable. Would recommend with minor reservations.",4,2025-02-25 12:21:19
9,85,45,"Outstanding seller! Fast shipping, excellent communication, and the product was exactly as described. Would definitely buy from them again!",5,2025-01-06 04:00:24
10,117,470,Below average experience. The product eventually arrived but was delayed without explanation. Quality wasn't what I expected based on the listing.,2,2024-10-16 13:14:28
11,106,82,"Extremely poor service. Item was significantly delayed, poorly packaged, and damaged upon arrival. Seller ignored all attempts to resolve the issue.",1,2025-02-05 06:55:53
12,154,94,Below average experience. The product eventually arrived but was delayed without explanation. Quality wasn't what I expected based on the listing.,2,2025-01-18 19:45:04
13,5,290,"Excellent seller to deal with. Very professional, quick responses to my inquiries, and the item arrived in perfect condition. Highly recommend!",5,2024-12-17 22:07:01
14,8,225,Amazing seller! They went above and beyond to make sure I was satisfied with my purchase. Fast shipping and product exactly as advertised.,5,2024-05-24 20:44:33
15,98,218,"Do not buy from this seller! Product was clearly misrepresented in the listing, arrived very late, and was damaged. No response to complaints.",1,2025-02-20 21:10:31
16,90,749,Satisfactory transaction. The item is as described but the packaging could have been better. Delivery was within the estimated timeframe.,3,2024-06-27 22:15:15
17,15,256,Reliable seller with quality products. The item was well-packaged and as described. Only minor issue was a slight delay in shipping.,4,2024-05-01 13:02:03
18,84,95,"Outstanding seller! Fast shipping, excellent communication, and the product was exactly as described. Would definitely buy from them again!",5,2025-03-14 09:58:06
19,131,791,Not a great experience. Communication was poor and the item arrived later than promised. Product quality was also less than expected.,2,2024-08-17 01:07:00
20,165,386,Satisfied with this purchase. The seller was professional and the product matched the description. A small packaging issue prevents a 5-star rating.,4,2025-04-03 06:27:04
21,82,435,Satisfactory transaction. The item is as described but the packaging could have been better. Delivery was within the estimated timeframe.,3,2025-02-24 06:44:44
22,71,359,Neutral experience. The product meets basic expectations but the shipping took longer than indicated. Seller was responsive when contacted.,3,2025-01-29 04:12:44
23,134,948,Satisfied with this purchase. The seller was professional and the product matched the description. A small packaging issue prevents a 5-star rating.,4,2024-09-15 08:59:22
24,104,102,Avoid this seller. The item arrived damaged and completely unusable. Customer service refused to help resolve the issue.,1,2025-01-25 08:40:41
25,34,453,"Best online shopping experience I've had. The seller was incredibly helpful, shipping was fast, and the product exceeded my expectations.",5,2024-05-02 03:43:44
26,95,61,Satisfactory transaction. The item is as described but the packaging could have been better. Delivery was within the estimated timeframe.,3,2024-07-09 11:22:45
27,183,822,"Decent seller. The item arrived and works as expected, but communication could have been better when I had questions about shipping.",3,2024-10-08 16:23:11
28,194,308,Disappointed with this seller. Slow shipping and the product wasn't exactly as described. Customer service was slow to respond to my concerns.,2,2024-07-15 15:06:05
29,24,955,Satisfied with this purchase. The seller was professional and the product matched the description. A small packaging issue prevents a 5-star rating.,4,2025-04-07 05:52:57
30,111,990,"Good experience overall. The seller was responsive, the item was as pictured, and shipping was reasonable. Would recommend with minor reservations.",4,2024-11-19 23:44:24
31,176,269,Reliable seller with quality products. The item was well-packaged and as described. Only minor issue was a slight delay in shipping.,4,2024-05-23 19:08:03
32,4,12,Good seller with fast shipping and reliable service. The product was as described and arrived on time. Would shop with them again.,4,2025-02-05 14:43:05
33,83,165,Satisfied with this purchase. The seller was professional and the product matched the description. A small packaging issue prevents a 5-star rating.,4,2024-12-21 11:58:51
34,80,209,Reliable seller with quality products. The item was well-packaged and as described. Only minor issue was a slight delay in shipping.,4,2024-12-16 18:39:03
35,136,591,Very positive experience with this seller. Communication was good and the product arrived in good condition. Shipping took a bit longer than expected.,4,2025-01-26 10:42:15
36,88,80,Satisfied with this purchase. The seller was professional and the product matched the description. A small packaging issue prevents a 5-star rating.,4,2024-10-18 17:25:52
37,200,841,Amazing seller! They went above and beyond to make sure I was satisfied with my purchase. Fast shipping and product exactly as advertised.,5,2024-11-05 11:37:21
38,141,837,Amazing seller! They went above and beyond to make sure I was satisfied with my purchase. Fast shipping and product exactly as advertised.,5,2024-06-30 16:18:15
39,42,118,"Best online shopping experience I've had. The seller was incredibly helpful, shipping was fast, and the product exceeded my expectations.",5,2025-03-03 21:02:56
40,165,72,"Outstanding seller! Fast shipping, excellent communication, and the product was exactly as described. Would definitely buy from them again!",5,2024-09-12 01:35:31
41,135,263,Amazing seller! They went above and beyond to make sure I was satisfied with my purchase. Fast shipping and product exactly as advertised.,5,2024-05-10 19:57:25
42,199,314,"Best online shopping experience I've had. The seller was incredibly helpful, shipping was fast, and the product exceeded my expectations.",5,2024-09-05 05:34:49
43,157,933,"Outstanding seller! Fast shipping, excellent communication, and the product was exactly as described. Would definitely buy from them again!",5,2024-10-05 14:37:33
44,106,945,Amazing seller! They went above and beyond to make sure I was satisfied with my purchase. Fast shipping and product exactly as advertised.,5,2024-08-06 17:51:32
45,92,171,"Decent seller. The item arrived and works as expected, but communication could have been better when I had questions about shipping.",3,2024-12-27 07:13:26
46,123,881,"Outstanding seller! Fast shipping, excellent communication, and the product was exactly as described. Would definitely buy from them again!",5,2025-02-05 01:48:49
47,82,544,Neutral experience. The product meets basic expectations but the shipping took longer than indicated. Seller was responsive when contacted.,3,2024-08-07 05:08:51
48,112,355,Five-star experience with this seller. Package arrived ahead of schedule and was perfectly packaged. Great customer service when I had questions.,5,2024-07-12 06:51:10
49,196,714,"Best online shopping experience I've had. The seller was incredibly helpful, shipping was fast, and the product exceeded my expectations.",5,2024-05-24 21:49:19
50,140,617,Very positive experience with this seller. Communication was good and the product arrived in good condition. Shipping took a bit longer than expected.,4,2024-06-29 15:36:32
51,24,787,"Decent seller. The item arrived and works as expected, but communication could have been better when I had questions about shipping.",3,2024-11-08 00:26:51
52,58,521,Satisfied with this purchase. The seller was professional and the product matched the description. A small packaging issue prevents a 5-star rating.,4,2025-02-13 14:30:22
53,110,455,"Wouldn't recommend this seller. Shipping issues, packaging was insufficient, and the product had minor damage. Difficult to get assistance.",2,2024-10-27 16:37:38
54,150,155,"Good experience overall. The seller was responsive, the item was as pictured, and shipping was reasonable. Would recommend with minor reservations.",4,2025-03-26 13:30:12
55,128,854,"Do not buy from this seller! Product was clearly misrepresented in the listing, arrived very late, and was damaged. No response to complaints.",1,2025-04-09 16:04:57
56,24,75,Amazing seller! They went above and beyond to make sure I was satisfied with my purchase. Fast shipping and product exactly as advertised.,5,2024-12-19 13:24:46
57,174,428,Neutral experience. The product meets basic expectations but the shipping took longer than indicated. Seller was responsive when contacted.,3,2024-08-24 03:35:51
58,156,653,"Excellent seller to deal with. Very professional, quick responses to my inquiries, and the item arrived in perfect condition. Highly recommend!",5,2025-04-06 09:48:07
59,148,718,Five-star experience with this seller. Package arrived ahead of schedule and was perfectly packaged. Great customer service when I had questions.,5,2024-12-28 18:57:40
60,130,567,"Do not buy from this seller! Product was clearly misrepresented in the listing, arrived very late, and was damaged. No response to complaints.",1,2025-02-06 03:30:25
61,140,458,Neutral experience. The product meets basic expectations but the shipping took longer than indicated. Seller was responsive when contacted.,3,2024-08-23 09:38:50
62,178,187,Neutral experience. The product meets basic expectations but the shipping took longer than indicated. Seller was responsive when contacted.,3,2024-11-13 20:03:42
63,146,908,Very positive experience with this seller. Communication was good and the product arrived in good condition. Shipping took a bit longer than expected.,4,2024-12-12 22:48:11
64,19,820,Five-star experience with this seller. Package arrived ahead of schedule and was perfectly packaged. Great customer service when I had questions.,5,2024-08-22 14:01:53
65,68,18,Satisfied with this purchase. The seller was professional and the product matched the description. A small packaging issue prevents a 5-star rating.,4,2024-12-03 23:38:34
66,194,227,Satisfied with this purchase. The seller was professional and the product matched the description. A small packaging issue prevents a 5-star rating.,4,2024-11-27 20:06:34
67,147,375,Amazing seller! They went above and beyond to make sure I was satisfied with my purchase. Fast shipping and product exactly as advertised.,5,2025-03-11 21:10:20
68,174,268,Average experience with this seller. Product was okay and arrived within the expected timeframe. Nothing exceptional but no major issues either.,3,2024-07-01 16:01:57
69,133,15,"Outstanding seller! Fast shipping, excellent communication, and the product was exactly as described. Would definitely buy from them again!",5,2025-04-16 08:30:51
70,91,660,Average experience with this seller. Product was okay and arrived within the expected timeframe. Nothing exceptional but no major issues either.,3,2024-08-04 04:39:43
71,148,132,Satisfactory transaction. The item is as described but the packaging could have been better. Delivery was within the estimated timeframe.,3,2024-09-16 04:59:53
72,164,252,"Frustrating experience with this seller. Delayed shipping with no updates, and the product didn't fully match the description. Poor communication.",2,2025-04-06 21:19:53
73,46,293,Five-star experience with this seller. Package arrived ahead of schedule and was perfectly packaged. Great customer service when I had questions.,5,2024-11-08 06:48:00
74,10,809,Five-star experience with this seller. Package arrived ahead of schedule and was perfectly packaged. Great customer service when I had questions.,5,2025-01-27 08:01:18
75,16,828,Middle-of-the-road experience. Product quality is acceptable but not exceptional. Seller responds to messages but not very quickly.,3,2024-05-02 11:02:15
76,181,697,"Decent seller. The item arrived and works as expected, but communication could have been better when I had questions about shipping.",3,2024-08-31 05:03:58
77,195,210,Five-star experience with this seller. Package arrived ahead of schedule and was perfectly packaged. Great customer service when I had questions.,5,2024-08-23 15:32:42
78,177,920,"Best online shopping experience I've had. The seller was incredibly helpful, shipping was fast, and the product exceeded my expectations.",5,2024-09-10 16:17:45
79,174,956,Middle-of-the-road experience. Product quality is acceptable but not exceptional. Seller responds to messages but not very quickly.,3,2025-01-10 11:08:06
80,196,319,Middle-of-the-road experience. Product quality is acceptable but not exceptional. Seller responds to messages but not very quickly.,3,2024-06-22 23:03:43
81,72,158,Reliable seller with quality products. The item was well-packaged and as described. Only minor issue was a slight delay in shipping.,4,2024-11-06 18:49:31
82,167,496,"Best online shopping experience I've had. The seller was incredibly helpful, shipping was fast, and the product exceeded my expectations.",5,2024-08-30 12:47:06
83,73,636,"Outstanding seller! Fast shipping, excellent communication, and the product was exactly as described. Would definitely buy from them again!",5,2024-11-30 20:19:14
84,177,880,"Good experience overall. The seller was responsive, the item was as pictured, and shipping was reasonable. Would recommend with minor reservations.",4,2024-07-23 22:13:47
85,106,677,Avoid this seller. The item arrived damaged and completely unusable. Customer service refused to help resolve the issue.,1,2024-08-21 10:10:39
86,103,994,Amazing seller! They went above and beyond to make sure I was satisfied with my purchase. Fast shipping and product exactly as advertised.,5,2024-10-23 02:12:05
87,164,17,Satisfied with this purchase. The seller was professional and the product matched the description. A small packaging issue prevents a 5-star rating.,4,2025-01-22 07:49:13
88,56,759,Very positive experience with this seller. Communication was good and the product arrived in good condition. Shipping took a bit longer than expected.,4,2024-12-13 05:12:23
89,25,552,Five-star experience with this seller. Package arrived ahead of schedule and was perfectly packaged. Great customer service when I had questions.,5,2024-12-12 17:04:24
90,170,889,Very positive experience with this seller. Communication was good and the product arrived in good condition. Shipping took a bit longer than expected.,4,2025-02-17 11:53:37
91,28,712,Reliable seller with quality products. The item was well-packaged and as described. Only minor issue was a slight delay in shipping.,4,2025-02-28 00:47:24
92,55,709,Terrible experience! The product never arrived and the seller was unresponsive to my messages. Had to file for a refund.,1,2024-06-23 05:40:22
93,154,154,"Frustrating experience with this seller. Delayed shipping with no updates, and the product didn't fully match the description. Poor communication.",2,2024-10-15 19:15:24
94,191,268,"Frustrating experience with this seller. Delayed shipping with no updates, and the product didn't fully match the description. Poor communication.",2,2024-11-14 22:17:41
95,200,755,"Best online shopping experience I've had. The seller was incredibly helpful, shipping was fast, and the product exceeded my expectations.",5,2024-11-18 10:25:10
96,7,892,Amazing seller! They went above and beyond to make sure I was satisfied with my purchase. Fast shipping and product exactly as advertised.,5,2024-06-28 06:00:39
97,8,867,Very positive experience with this seller. Communication was good and the product arrived in good condition. Shipping took a bit longer than expected.,4,2025-02-20 18:23:00
98,178,987,"Best online shopping experience I've had. The seller was incredibly helpful, shipping was fast, and the product exceeded my expectations.",5,2024-10-25 22:24:30
99,97,797,Average experience with this seller. Product was okay and arrived within the expected timeframe. Nothing exceptional but no major issues either.,3,2025-04-28 03:22:27
100,184,105,"Good experience overall. The seller was responsive, the item was as pictured, and shipping was reasonable. Would recommend with minor reservations.",4,2024-08-29 07:42:16
101,160,616,"Worst online shopping experience ever. Wrong item shipped, seller refused to correct the mistake, and was rude in communications.",1,2024-07-15 00:42:32
102,107,436,Middle-of-the-road experience. Product quality is acceptable but not exceptional. Seller responds to messages but not very quickly.,3,2025-03-11 20:11:46
103,124,103,Very positive experience with this seller. Communication was good and the product arrived in good condition. Shipping took a bit longer than expected.,4,2024-12-03 21:28:34
104,136,954,"Good experience overall. The seller was responsive, the item was as pictured, and shipping was reasonable. Would recommend with minor reservations.",4,2025-04-21 03:13:03
105,97,814,"Decent seller. The item arrived and works as expected, but communication could have been better when I had questions about shipping.",3,2024-06-24 15:23:30
106,73,585,"Excellent seller to deal with. Very professional, quick responses to my inquiries, and the item arrived in perfect condition. Highly recommend!",5,2024-07-13 22:19:22
107,182,421,Five-star experience with this seller. Package arrived ahead of schedule and was perfectly packaged. Great customer service when I had questions.,5,2024-06-29 18:49:32
108,40,267,Good seller with fast shipping and reliable service. The product was as described and arrived on time. Would shop with them again.,4,2024-11-16 00:17:12
109,187,193,"Excellent seller to deal with. Very professional, quick responses to my inquiries, and the item arrived in perfect condition. Highly recommend!",5,2024-05-17 08:56:39
110,121,629,Reliable seller with quality products. The item was well-packaged and as described. Only minor issue was a slight delay in shipping.,4,2024-07-28 06:46:50
111,73,614,Five-star experience with this seller. Package arrived ahead of schedule and was perfectly packaged. Great customer service when I had questions.,5,2024-12-25 11:54:21
112,162,361,Satisfied with this purchase. The seller was professional and the product matched the description. A small packaging issue prevents a 5-star rating.,4,2025-02-16 11:00:34
113,181,172,"Outstanding seller! Fast shipping, excellent communication, and the product was exactly as described. Would definitely buy from them again!",5,2025-01-01 14:48:20
114,155,423,Disappointed with this seller. Slow shipping and the product wasn't exactly as described. Customer service was slow to respond to my concerns.,2,2025-03-23 20:43:20
115,197,755,Satisfied with this purchase. The seller was professional and the product matched the description. A small packaging issue prevents a 5-star rating.,4,2025-04-27 08:51:57
116,160,426,"Best online shopping experience I've had. The seller was incredibly helpful, shipping was fast, and the product exceeded my expectations.",5,2024-06-19 06:54:11
117,184,583,Five-star experience with this seller. Package arrived ahead of schedule and was perfectly packaged. Great customer service when I had questions.,5,2024-11-20 02:29:47
118,109,485,"Excellent seller to deal with. Very professional, quick responses to my inquiries, and the item arrived in perfect condition. Highly recommend!",5,2025-03-23 20:35:32
119,190,171,Average experience with this seller. Product was okay and arrived within the expected timeframe. Nothing exceptional but no major issues either.,3,2024-10-18 08:49:40
120,88,903,Good seller with fast shipping and reliable service. The product was as described and arrived on time. Would shop with them again.,4,2024-12-28 10:22:21
121,147,795,Five-star experience with this seller. Package arrived ahead of schedule and was perfectly packaged. Great customer service when I had questions.,5,2025-03-18 09:53:57
122,100,604,Satisfied with this purchase. The seller was professional and the product matched the description. A small packaging issue prevents a 5-star rating.,4,2025-03-29 00:34:01
123,196,415,"Best online shopping experience I've had. The seller was incredibly helpful, shipping was fast, and the product exceeded my expectations.",5,2025-02-14 12:00:50
124,88,116,"Extremely poor service. Item was significantly delayed, poorly packaged, and damaged upon arrival. Seller ignored all attempts to resolve the issue.",1,2024-09-28 19:10:56
125,64,424,Satisfied with this purchase. The seller was professional and the product matched the description. A small packaging issue prevents a 5-star rating.,4,2024-06-08 07:17:11
126,105,546,"Wouldn't recommend this seller. Shipping issues, packaging was insufficient, and the product had minor damage. Difficult to get assistance.",2,2024-07-16 13:45:41
127,116,427,"Wouldn't recommend this seller. Shipping issues, packaging was insufficient, and the product had minor damage. Difficult to get assistance.",2,2025-03-16 18:24:39
128,2,580,"Best online shopping experience I've had. The seller was incredibly helpful, shipping was fast, and the product exceeded my expectations.",5,2025-03-20 18:04:42
129,38,439,Satisfied with this purchase. The seller was professional and the product matched the description. A small packaging issue prevents a 5-star rating.,4,2025-02-23 09:17:46
130,145,271,"Decent seller. The item arrived and works as expected, but communication could have been better when I had questions about shipping.",3,2024-07-28 04:00:41
131,99,957,Reliable seller with quality products. The item was well-packaged and as described. Only minor issue was a slight delay in shipping.,4,2024-09-23 16:43:18
132,63,81,"Do not buy from this seller! Product was clearly misrepresented in the listing, arrived very late, and was damaged. No response to complaints.",1,2025-02-19 14:20:53
133,60,123,"Frustrating experience with this seller. Delayed shipping with no updates, and the product didn't fully match the description. Poor communication.",2,2024-11-01 18:41:57
134,195,906,"Best online shopping experience I've had. The seller was incredibly helpful, shipping was fast, and the product exceeded my expectations.",5,2025-02-25 00:03:10
135,115,215,"Extremely poor service. Item was significantly delayed, poorly packaged, and damaged upon arrival. Seller ignored all attempts to resolve the issue.",1,2025-02-22 04:12:13
136,1,815,"Excellent seller to deal with. Very professional, quick responses to my inquiries, and the item arrived in perfect condition. Highly recommend!",5,2024-06-18 10:45:18
137,111,568,Amazing seller! They went above and beyond to make sure I was satisfied with my purchase. Fast shipping and product exactly as advertised.,5,2025-01-25 10:46:11
138,63,808,Good seller with fast shipping and reliable service. The product was as described and arrived on time. Would shop with them again.,4,2024-07-01 16:20:59
139,19,858,Good seller with fast shipping and reliable service. The product was as described and arrived on time. Would shop with them again.,4,2025-01-18 08:54:44
140,75,998,"Excellent seller to deal with. Very professional, quick responses to my inquiries, and the item arrived in perfect condition. Highly recommend!",5,2025-04-13 06:32:37
141,20,90,Very positive experience with this seller. Communication was good and the product arrived in good condition. Shipping took a bit longer than expected.,4,2025-03-10 19:17:30
142,1,929,Very positive experience with this seller. Communication was good and the product arrived in good condition. Shipping took a bit longer than expected.,4,2024-07-16 22:21:36
143,4,360,Very positive experience with this seller. Communication was good and the product arrived in good condition. Shipping took a bit longer than expected.,4,2025-04-09 15:31:29
144,24,565,Reliable seller with quality products. The item was well-packaged and as described. Only minor issue was a slight delay in shipping.,4,2025-03-26 03:49:56
145,131,466,Amazing seller! They went above and beyond to make sure I was satisfied with my purchase. Fast shipping and product exactly as advertised.,5,2024-08-30 08:46:59
146,193,444,Five-star experience with this seller. Package arrived ahead of schedule and was perfectly packaged. Great customer service when I had questions.,5,2024-09-22 18:33:32
147,43,673,Five-star experience with this seller. Package arrived ahead of schedule and was perfectly packaged. Great customer service when I had questions.,5,2024-08-31 19:25:02
148,146,482,Five-star experience with this seller. Package arrived ahead of schedule and was perfectly packaged. Great customer service when I had questions.,5,2024-10-27 06:15:46
149,158,714,"Excellent seller to deal with. Very professional, quick responses to my inquiries, and the item arrived in perfect condition. Highly recommend!",5,2025-03-31 15:38:18
150,95,824,Good seller with fast shipping and reliable service. The product was as described and arrived on time. Would shop with them again.,4,2024-06-20 12:44:44
151,193,317,"Outstanding seller! Fast shipping, excellent communication, and the product was exactly as described. Would definitely buy from them again!",5,2024-08-25 17:54:11
152,186,417,Reliable seller with quality products. The item was well-packaged and as described. Only minor issue was a slight delay in shipping.,4,2025-03-11 01:05:04
153,156,678,Not a great experience. Communication was poor and the item arrived later than promised. Product quality was also less than expected.,2,2024-06-01 15:08:45
154,25,160,"Wouldn't recommend this seller. Shipping issues, packaging was insufficient, and the product had minor damage. Difficult to get assistance.",2,2024-05-06 23:02:06
155,190,732,"Outstanding seller! Fast shipping, excellent communication, and the product was exactly as described. Would definitely buy from them again!",5,2024-11-02 03:42:04
156,152,423,Neutral experience. The product meets basic expectations but the shipping took longer than indicated. Seller was responsive when contacted.,3,2024-05-15 09:20:07
157,33,336,Amazing seller! They went above and beyond to make sure I was satisfied with my purchase. Fast shipping and product exactly as advertised.,5,2024-10-14 20:36:57
158,192,533,"Outstanding seller! Fast shipping, excellent communication, and the product was exactly as described. Would definitely buy from them again!",5,2025-01-03 06:43:20
159,117,578,"Best online shopping experience I've had. The seller was incredibly helpful, shipping was fast, and the product exceeded my expectations.",5,2024-05-19 13:08:12
160,35,356,Below average experience. The product eventually arrived but was delayed without explanation. Quality wasn't what I expected based on the listing.,2,2024-10-02 16:19:38
161,27,491,Amazing seller! They went above and beyond to make sure I was satisfied with my purchase. Fast shipping and product exactly as advertised.,5,2025-04-02 16:45:34
162,168,303,Terrible experience! The product never arrived and the seller was unresponsive to my messages. Had to file for a refund.,1,2024-10-11 07:03:08
163,33,905,Terrible experience! The product never arrived and the seller was unresponsive to my messages. Had to file for a refund.,1,2025-01-15 14:15:03
164,96,910,"Excellent seller to deal with. Very professional, quick responses to my inquiries, and the item arrived in perfect condition. Highly recommend!",5,2025-04-12 15:10:21
165,119,415,"Frustrating experience with this seller. Delayed shipping with no updates, and the product didn't fully match the description. Poor communication.",2,2024-11-03 18:36:23
166,10,369,"Outstanding seller! Fast shipping, excellent communication, and the product was exactly as described. Would definitely buy from them again!",5,2024-10-05 05:15:51
167,7,176,"Outstanding seller! Fast shipping, excellent communication, and the product was exactly as described. Would definitely buy from them again!",5,2024-11-27 19:05:19
168,125,390,Satisfied with this purchase. The seller was professional and the product matched the description. A small packaging issue prevents a 5-star rating.,4,2024-11-28 19:20:51
169,185,648,"Outstanding seller! Fast shipping, excellent communication, and the product was exactly as described. Would definitely buy from them again!",5,2025-01-30 19:13:50
170,46,397,"Good experience overall. The seller was responsive, the item was as pictured, and shipping was reasonable. Would recommend with minor reservations.",4,2024-11-21 02:12:43
171,50,508,Not a great experience. Communication was poor and the item arrived later than promised. Product quality was also less than expected.,2,2025-04-16 04:31:15
172,91,36,"Excellent seller to deal with. Very professional, quick responses to my inquiries, and the item arrived in perfect condition. Highly recommend!",5,2024-07-17 15:32:44
173,46,96,Very positive experience with this seller. Communication was good and the product arrived in good condition. Shipping took a bit longer than expected.,4,2025-04-20 20:26:26
174,114,986,Five-star experience with this seller. Package arrived ahead of schedule and was perfectly packaged. Great customer service when I had questions.,5,2024-07-20 03:38:15
175,117,143,Very positive experience with this seller. Communication was good and the product arrived in good condition. Shipping took a bit longer than expected.,4,2024-10-30 01:48:11
176,27,210,"Good experience overall. The seller was responsive, the item was as pictured, and shipping was reasonable. Would recommend with minor reservations.",4,2025-01-05 00:44:04
177,66,321,"Decent seller. The item arrived and works as expected, but communication could have been better when I had questions about shipping.",3,2024-12-19 15:39:16
178,82,464,"Outstanding seller! Fast shipping, excellent communication, and the product was exactly as described. Would definitely buy from them again!",5,2024-06-13 05:41:50
179,25,474,"Best online shopping experience I've had. The seller was incredibly helpful, shipping was fast, and the product exceeded my expectations.",5,2024-12-05 23:19:26
180,16,296,Amazing seller! They went above and beyond to make sure I was satisfied with my purchase. Fast shipping and product exactly as advertised.,5,2024-05-12 04:47:05
181,79,441,Satisfactory transaction. The item is as described but the packaging could have been better. Delivery was within the estimated timeframe.,3,2025-03-05 12:12:50
182,8,965,Neutral experience. The product meets basic expectations but the shipping took longer than indicated. Seller was responsive when contacted.,3,2025-04-22 06:47:38
183,90,216,"Excellent seller to deal with. Very professional, quick responses to my inquiries, and the item arrived in perfect condition. Highly recommend!",5,2025-03-10 21:01:58
184,179,721,"Best online shopping experience I've had. The seller was incredibly helpful, shipping was fast, and the product exceeded my expectations.",5,2024-08-10 00:43:51
185,59,683,Neutral experience. The product meets basic expectations but the shipping took longer than indicated. Seller was responsive when contacted.,3,2025-02-20 00:01:32
186,145,847,Very positive experience with this seller. Communication was good and the product arrived in good condition. Shipping took a bit longer than expected.,4,2024-12-26 02:53:38
187,119,557,Satisfied with this purchase. The seller was professional and the product matched the description. A small packaging issue prevents a 5-star rating.,4,2024-08-05 09:02:17
188,20,900,Amazing seller! They went above and beyond to make sure I was satisfied with my purchase. Fast shipping and product exactly as advertised.,5,2024-07-13 11:22:11
189,43,507,"Good experience overall. The seller was responsive, the item was as pictured, and shipping was reasonable. Would recommend with minor reservations.",4,2024-08-30 20:32:24
190,63,98,Terrible experience! The product never arrived and the seller was unresponsive to my messages. Had to file for a refund.,1,2025-02-11 03:39:47
191,9,506,Amazing seller! They went above and beyond to make sure I was satisfied with my purchase. Fast shipping and product exactly as advertised.,5,2025-02-19 03:20:15
192,7,713,Middle-of-the-road experience. Product quality is acceptable but not exceptional. Seller responds to messages but not very quickly.,3,2024-07-06 04:25:54
193,25,637,Middle-of-the-road experience. Product quality is acceptable but not exceptional. Seller responds to messages but not very quickly.,3,2024-07-02 12:41:00
194,152,935,Five-star experience with this seller. Package arrived ahead of schedule and was perfectly packaged. Great customer service when I had questions.,5,2024-11-15 04:26:13
195,44,906,Amazing seller! They went above and beyond to make sure I was satisfied with my purchase. Fast shipping and product exactly as advertised.,5,2025-01-03 01:44:36
196,95,114,Not a great experience. Communication was poor and the item arrived later than promised. Product quality was also less than expected.,2,2024-11-05 00:01:05
197,96,69,Satisfactory transaction. The item is as described but the packaging could have been better. Delivery was within the estimated timeframe.,3,2025-04-16 18:53:13
198,37,322,"Outstanding seller! Fast shipping, excellent communication, and the product was exactly as described. Would definitely buy from them again!",5,2025-01-24 14:06:50
199,195,157,"Excellent seller to deal with. Very professional, quick responses to my inquiries, and the item arrived in perfect condition. Highly recommend!",5,2024-07-01 03:11:17
200,31,781,"Outstanding seller! Fast shipping, excellent communication, and the product was exactly as described. Would definitely buy from them again!",5,2025-01-15 11:59:21
201,56,684,"Good experience overall. The seller was responsive, the item was as pictured, and shipping was reasonable. Would recommend with minor reservations.",4,2024-11-08 16:54:43
202,90,289,"Best online shopping experience I've had. The seller was incredibly helpful, shipping was fast, and the product exceeded my expectations.",5,2024-06-04 02:51:19
203,3,168,"Outstanding seller! Fast shipping, excellent communication, and the product was exactly as described. Would definitely buy from them again!",5,2024-05-18 03:37:29
204,110,298,"Worst online shopping experience ever. Wrong item shipped, seller refused to correct the mistake, and was rude in communications.",1,2024-11-07 20:19:09
205,77,456,Amazing seller! They went above and beyond to make sure I was satisfied with my purchase. Fast shipping and product exactly as advertised.,5,2024-05-08 17:07:04
206,61,202,Neutral experience. The product meets basic expectations but the shipping took longer than indicated. Seller was responsive when contacted.,3,2024-12-13 23:44:21
207,13,841,"Outstanding seller! Fast shipping, excellent communication, and the product was exactly as described. Would definitely buy from them again!",5,2024-07-06 12:03:02
208,130,207,Amazing seller! They went above and beyond to make sure I was satisfied with my purchase. Fast shipping and product exactly as advertised.,5,2024-09-01 18:56:27
209,59,829,Neutral experience. The product meets basic expectations but the shipping took longer than indicated. Seller was responsive when contacted.,3,2024-09-09 12:15:59
210,31,446,Very positive experience with this seller. Communication was good and the product arrived in good condition. Shipping took a bit longer than expected.,4,2025-02-18 09:15:29
211,102,994,"Best online shopping experience I've had. The seller was incredibly helpful, shipping was fast, and the product exceeded my expectations.",5,2024-06-04 03:16:45
212,120,457,Five-star experience with this seller. Package arrived ahead of schedule and was perfectly packaged. Great customer service when I had questions.,5,2024-07-19 14:36:57
213,175,353,"Do not buy from this seller! Product was clearly misrepresented in the listing, arrived very late, and was damaged. No response to complaints.",1,2025-03-13 16:20:09
214,159,273,"Frustrating experience with this seller. Delayed shipping with no updates, and the product didn't fully match the description. Poor communication.",2,2024-05-14 09:13:28
215,59,118,"Outstanding seller! Fast shipping, excellent communication, and the product was exactly as described. Would definitely buy from them again!",5,2025-03-13 01:59:59
216,111,977,Good seller with fast shipping and reliable service. The product was as described and arrived on time. Would shop with them again.,4,2024-07-03 23:45:14
217,184,46,"Good experience overall. The seller was responsive, the item was as pictured, and shipping was reasonable. Would recommend with minor reservations.",4,2025-02-19 21:10:28
218,46,956,Avoid this seller. The item arrived damaged and completely unusable. Customer service refused to help resolve the issue.,1,2025-02-27 21:49:07
219,169,181,"Best online shopping experience I've had. The seller was incredibly helpful, shipping was fast, and the product exceeded my expectations.",5,2024-07-05 11:17:38
220,200,297,Five-star experience with this seller. Package arrived ahead of schedule and was perfectly packaged. Great customer service when I had questions.,5,2024-12-29 04:29:31
221,37,997,Satisfied with this purchase. The seller was professional and the product matched the description. A small packaging issue prevents a 5-star rating.,4,2024-08-18 17:38:49
222,145,497,Five-star experience with this seller. Package arrived ahead of schedule and was perfectly packaged. Great customer service when I had questions.,5,2024-09-28 21:05:00
223,141,500,Below average experience. The product eventually arrived but was delayed without explanation. Quality wasn't what I expected based on the listing.,2,2025-03-05 04:21:17
224,112,352,"Good experience overall. The seller was responsive, the item was as pictured, and shipping was reasonable. Would recommend with minor reservations.",4,2024-07-28 22:11:11
225,121,318,Neutral experience. The product meets basic expectations but the shipping took longer than indicated. Seller was responsive when contacted.,3,2024-05-26 04:27:20
226,180,363,"Best online shopping experience I've had. The seller was incredibly helpful, shipping was fast, and the product exceeded my expectations.",5,2024-11-11 02:04:28
227,68,366,"Best online shopping experience I've had. The seller was incredibly helpful, shipping was fast, and the product exceeded my expectations.",5,2024-06-23 16:04:18
228,159,147,Good seller with fast shipping and reliable service. The product was as described and arrived on time. Would shop with them again.,4,2024-12-23 22:38:30
229,4,136,Satisfied with this purchase. The seller was professional and the product matched the description. A small packaging issue prevents a 5-star rating.,4,2024-06-21 06:27:51
230,188,180,"Best online shopping experience I've had. The seller was incredibly helpful, shipping was fast, and the product exceeded my expectations.",5,2025-04-03 17:31:34
231,7,999,"Extremely poor service. Item was significantly delayed, poorly packaged, and damaged upon arrival. Seller ignored all attempts to resolve the issue.",1,2025-01-26 09:21:40
232,166,325,Good seller with fast shipping and reliable service. The product was as described and arrived on time. Would shop with them again.,4,2025-03-02 13:38:46
233,49,551,"Excellent seller to deal with. Very professional, quick responses to my inquiries, and the item arrived in perfect condition. Highly recommend!",5,2024-11-26 02:13:55
234,152,126,Middle-of-the-road experience. Product quality is acceptable but not exceptional. Seller responds to messages but not very quickly.,3,2024-10-30 12:21:30
235,42,81,Neutral experience. The product meets basic expectations but the shipping took longer than indicated. Seller was responsive when contacted.,3,2024-09-26 05:12:24
236,160,265,Satisfied with this purchase. The seller was professional and the product matched the description. A small packaging issue prevents a 5-star rating.,4,2024-07-13 10:13:23
237,22,407,"Frustrating experience with this seller. Delayed shipping with no updates, and the product didn't fully match the description. Poor communication.",2,2024-08-14 22:40:19
238,124,915,"Decent seller. The item arrived and works as expected, but communication could have been better when I had questions about shipping.",3,2024-06-21 03:42:08
239,77,856,"Best online shopping experience I've had. The seller was incredibly helpful, shipping was fast, and the product exceeded my expectations.",5,2024-10-12 22:10:24
240,155,183,Satisfactory transaction. The item is as described but the packaging could have been better. Delivery was within the estimated timeframe.,3,2024-05-18 17:25:03
241,135,937,Satisfied with this purchase. The seller was professional and the product matched the description. A small packaging issue prevents a 5-star rating.,4,2024-12-01 04:35:59
242,148,12,Disappointed with this seller. Slow shipping and the product wasn't exactly as described. Customer service was slow to respond to my concerns.,2,2025-03-15 11:35:47
243,145,227,Satisfied with this purchase. The seller was professional and the product matched the description. A small packaging issue prevents a 5-star rating.,4,2024-08-24 15:31:30
244,155,817,Avoid this seller. The item arrived damaged and completely unusable. Customer service refused to help resolve the issue.,1,2024-08-30 21:17:24
245,88,200,Satisfactory transaction. The item is as described but the packaging could have been better. Delivery was within the estimated timeframe.,3,2024-10-14 10:51:57
246,147,600,Very positive experience with this seller. Communication was good and the product arrived in good condition. Shipping took a bit longer than expected.,4,2025-01-05 02:20:15
247,107,33,Very positive experience with this seller. Communication was good and the product arrived in good condition. Shipping took a bit longer than expected.,4,2024-12-10 21:31:12
248,54,763,"Outstanding seller! Fast shipping, excellent communication, and the product was exactly as described. Would definitely buy from them again!",5,2025-01-19 15:14:34
249,184,22,Very positive experience with this seller. Communication was good and the product arrived in good condition. Shipping took a bit longer than expected.,4,2024-06-01 01:39:54
250,124,877,Middle-of-the-road experience. Product quality is acceptable but not exceptional. Seller responds to messages but not very quickly.,3,2024-10-05 14:42:56
251,66,148,Five-star experience with this seller. Package arrived ahead of schedule and was perfectly packaged. Great customer service when I had questions.,5,2024-05-26 01:21:36
252,135,994,"Excellent seller to deal with. Very professional, quick responses to my inquiries, and the item arrived in perfect condition. Highly recommend!",5,2025-04-17 17:30:32
253,129,362,Avoid this seller. The item arrived damaged and completely unusable. Customer service refused to help resolve the issue.,1,2024-08-05 21:12:55
254,178,162,"Frustrating experience with this seller. Delayed shipping with no updates, and the product didn't fully match the description. Poor communication.",2,2024-12-26 23:09:30
255,80,74,"Outstanding seller! Fast shipping, excellent communication, and the product was exactly as described. Would definitely buy from them again!",5,2024-09-01 19:56:46
256,148,796,"Decent seller. The item arrived and works as expected, but communication could have been better when I had questions about shipping.",3,2024-10-06 02:24:30
257,184,883,"Decent seller. The item arrived and works as expected, but communication could have been better when I had questions about shipping.",3,2025-03-26 03:34:05
258,186,613,Very positive experience with this seller. Communication was good and the product arrived in good condition. Shipping took a bit longer than expected.,4,2024-12-20 18:50:52
259,79,967,"Good experience overall. The seller was responsive, the item was as pictured, and shipping was reasonable. Would recommend with minor reservations.",4,2024-07-25 17:22:10
260,8,486,Average experience with this seller. Product was okay and arrived within the expected timeframe. Nothing exceptional but no major issues either.,3,2025-03-21 19:27:56
261,135,668,"Good experience overall. The seller was responsive, the item was as pictured, and shipping was reasonable. Would recommend with minor reservations.",4,2025-01-25 06:07:06
262,166,315,Not a great experience. Communication was poor and the item arrived later than promised. Product quality was also less than expected.,2,2025-04-29 04:27:40
263,112,187,"Excellent seller to deal with. Very professional, quick responses to my inquiries, and the item arrived in perfect condition. Highly recommend!",5,2024-08-22 06:30:35
264,151,705,Amazing seller! They went above and beyond to make sure I was satisfied with my purchase. Fast shipping and product exactly as advertised.,5,2025-02-10 19:18:54
265,4,710,Very positive experience with this seller. Communication was good and the product arrived in good condition. Shipping took a bit longer than expected.,4,2025-03-25 14:32:21
266,162,661,"Outstanding seller! Fast shipping, excellent communication, and the product was exactly as described. Would definitely buy from them again!",5,2024-11-20 11:01:00
267,173,191,Amazing seller! They went above and beyond to make sure I was satisfied with my purchase. Fast shipping and product exactly as advertised.,5,2024-07-13 16:35:56
268,48,183,"Good experience overall. The seller was responsive, the item was as pictured, and shipping was reasonable. Would recommend with minor reservations.",4,2024-05-29 08:32:35
269,11,637,Reliable seller with quality products. The item was well-packaged and as described. Only minor issue was a slight delay in shipping.,4,2024-11-20 01:26:48
270,178,643,Satisfied with this purchase. The seller was professional and the product matched the description. A small packaging issue prevents a 5-star rating.,4,2025-04-12 06:16:42
271,30,515,"Best online shopping experience I've had. The seller was incredibly helpful, shipping was fast, and the product exceeded my expectations.",5,2024-11-26 13:23:54
272,150,186,"Outstanding seller! Fast shipping, excellent communication, and the product was exactly as described. Would definitely buy from them again!",5,2024-06-07 05:27:13
273,24,352,"Excellent seller to deal with. Very professional, quick responses to my inquiries, and the item arrived in perfect condition. Highly recommend!",5,2024-11-15 01:52:13
274,57,483,Not a great experience. Communication was poor and the item arrived later than promised. Product quality was also less than expected.,2,2024-10-16 18:45:38
275,75,738,Middle-of-the-road experience. Product quality is acceptable but not exceptional. Seller responds to messages but not very quickly.,3,2024-07-16 06:55:46
276,111,784,Satisfied with this purchase. The seller was professional and the product matched the description. A small packaging issue prevents a 5-star rating.,4,2024-07-05 16:17:44
277,58,654,"Excellent seller to deal with. Very professional, quick responses to my inquiries, and the item arrived in perfect condition. Highly recommend!",5,2024-10-09 21:44:36
278,29,188,Middle-of-the-road experience. Product quality is acceptable but not exceptional. Seller responds to messages but not very quickly.,3,2024-09-15 04:49:17
279,174,786,Average experience with this seller. Product was okay and arrived within the expected timeframe. Nothing exceptional but no major issues either.,3,2024-07-12 06:46:00
280,95,909,Satisfied with this purchase. The seller was professional and the product matched the description. A small packaging issue prevents a 5-star rating.,4,2024-07-12 00:05:40
281,5,782,Five-star experience with this seller. Package arrived ahead of schedule and was perfectly packaged. Great customer service when I had questions.,5,2024-07-24 20:38:02
282,70,765,Satisfactory transaction. The item is as described but the packaging could have been better. Delivery was within the estimated timeframe.,3,2024-10-16 18:39:11
283,64,601,"Excellent seller to deal with. Very professional, quick responses to my inquiries, and the item arrived in perfect condition. Highly recommend!",5,2024-10-09 05:03:56
284,91,588,Middle-of-the-road experience. Product quality is acceptable but not exceptional. Seller responds to messages but not very quickly.,3,2024-10-18 22:35:41
285,159,582,Reliable seller with quality products. The item was well-packaged and as described. Only minor issue was a slight delay in shipping.,4,2024-07-17 16:31:06
286,195,164,"Worst online shopping experience ever. Wrong item shipped, seller refused to correct the mistake, and was rude in communications.",1,2024-07-12 11:47:14
287,124,270,"Best online shopping experience I've had. The seller was incredibly helpful, shipping was fast, and the product exceeded my expectations.",5,2024-10-29 19:45:09
288,166,42,Average experience with this seller. Product was okay and arrived within the expected timeframe. Nothing exceptional but no major issues either.,3,2024-07-09 17:30:01
289,102,242,"Outstanding seller! Fast shipping, excellent communication, and the product was exactly as described. Would definitely buy from them again!",5,2025-03-09 01:29:23
290,77,946,"Outstanding seller! Fast shipping, excellent communication, and the product was exactly as described. Would definitely buy from them again!",5,2024-07-29 14:17:42
291,196,767,Amazing seller! They went above and beyond to make sure I was satisfied with my purchase. Fast shipping and product exactly as advertised.,5,2024-11-03 13:59:03
292,159,194,"Excellent seller to deal with. Very professional, quick responses to my inquiries, and the item arrived in perfect condition. Highly recommend!",5,2024-12-04 00:40:42
293,173,109,Neutral experience. The product meets basic expectations but the shipping took longer than indicated. Seller was responsive when contacted.,3,2025-04-12 08:41:16
294,46,24,Not a great experience. Communication was poor and the item arrived later than promised. Product quality was also less than expected.,2,2024-10-12 17:22:39
295,135,181,Average experience with this seller. Product was okay and arrived within the expected timeframe. Nothing exceptional but no major issues either.,3,2025-02-22 01:45:28
296,37,928,"Best online shopping experience I've had. The seller was incredibly helpful, shipping was fast, and the product exceeded my expectations.",5,2024-11-09 15:49:12
297,117,899,Good seller with fast shipping and reliable service. The product was as described and arrived on time. Would shop with them again.,4,2025-04-26 02:01:17
298,14,397,"Frustrating experience with this seller. Delayed shipping with no updates, and the product didn't fully match the description. Poor communication.",2,2025-04-13 10:38:44
299,32,128,Reliable seller with quality products. The item was well-packaged and as described. Only minor issue was a slight delay in shipping.,4,2025-01-05 05:44:09
300,67,265,Neutral experience. The product meets basic expectations but the shipping took longer than indicated. Seller was responsive when contacted.,3,2025-04-05 04:52:45
301,147,780,Good seller with fast shipping and reliable service. The product was as described and arrived on time. Would shop with them again.,4,2024-07-31 21:55:03
302,92,358,"Outstanding seller! Fast shipping, excellent communication, and the product was exactly as described. Would definitely buy from them again!",5,2024-10-03 15:23:41
303,171,916,Below average experience. The product eventually arrived but was delayed without explanation. Quality wasn't what I expected based on the listing.,2,2024-10-10 04:26:35
304,138,721,Satisfied with this purchase. The seller was professional and the product matched the description. A small packaging issue prevents a 5-star rating.,4,2024-05-30 17:06:27
305,84,766,Satisfied with this purchase. The seller was professional and the product matched the description. A small packaging issue prevents a 5-star rating.,4,2024-05-11 21:35:38
306,91,292,Middle-of-the-road experience. Product quality is acceptable but not exceptional. Seller responds to messages but not very quickly.,3,2025-01-12 02:57:23
307,55,955,Amazing seller! They went above and beyond to make sure I was satisfied with my purchase. Fast shipping and product exactly as advertised.,5,2025-04-04 04:48:13
308,1,75,Not a great experience. Communication was poor and the item arrived later than promised. Product quality was also less than expected.,2,2024-12-04 15:44:59
309,13,202,"Frustrating experience with this seller. Delayed shipping with no updates, and the product didn't fully match the description. Poor communication.",2,2025-01-26 05:23:23
310,186,119,Satisfied with this purchase. The seller was professional and the product matched the description. A small packaging issue prevents a 5-star rating.,4,2025-03-01 04:55:37
311,162,605,Amazing seller! They went above and beyond to make sure I was satisfied with my purchase. Fast shipping and product exactly as advertised.,5,2025-03-17 04:10:52
312,68,387,Reliable seller with quality products. The item was well-packaged and as described. Only minor issue was a slight delay in shipping.,4,2025-03-18 11:49:11
313,139,910,Very positive experience with this seller. Communication was good and the product arrived in good condition. Shipping took a bit longer than expected.,4,2024-06-18 02:09:28
314,130,742,Good seller with fast shipping and reliable service. The product was as described and arrived on time. Would shop with them again.,4,2024-08-01 11:38:58
315,21,477,Satisfied with this purchase. The seller was professional and the product matched the description. A small packaging issue prevents a 5-star rating.,4,2024-05-03 08:53:28
316,94,374,"Excellent seller to deal with. Very professional, quick responses to my inquiries, and the item arrived in perfect condition. Highly recommend!",5,2024-05-26 17:46:20
317,39,67,"Best online shopping experience I've had. The seller was incredibly helpful, shipping was fast, and the product exceeded my expectations.",5,2024-12-04 16:45:22
318,122,947,"Worst online shopping experience ever. Wrong item shipped, seller refused to correct the mistake, and was rude in communications.",1,2024-10-07 15:44:18
319,163,779,Amazing seller! They went above and beyond to make sure I was satisfied with my purchase. Fast shipping and product exactly as advertised.,5,2025-03-23 07:32:42
320,60,94,Below average experience. The product eventually arrived but was delayed without explanation. Quality wasn't what I expected based on the listing.,2,2025-02-05 21:39:08
321,125,322,Average experience with this seller. Product was okay and arrived within the expected timeframe. Nothing exceptional but no major issues either.,3,2025-01-18 02:28:10
322,100,881,Reliable seller with quality products. The item was well-packaged and as described. Only minor issue was a slight delay in shipping.,4,2024-05-09 19:54:38
323,46,18,Below average experience. The product eventually arrived but was delayed without explanation. Quality wasn't what I expected based on the listing.,2,2024-09-17 19:31:24
324,31,95,Five-star experience with this seller. Package arrived ahead of schedule and was perfectly packaged. Great customer service when I had questions.,5,2025-02-14 11:21:25
325,151,981,Amazing seller! They went above and beyond to make sure I was satisfied with my purchase. Fast shipping and product exactly as advertised.,5,2024-05-06 03:22:53
326,101,494,"Outstanding seller! Fast shipping, excellent communication, and the product was exactly as described. Would definitely buy from them again!",5,2024-05-18 16:00:10
327,60,252,Amazing seller! They went above and beyond to make sure I was satisfied with my purchase. Fast shipping and product exactly as advertised.,5,2025-03-08 14:41:35
328,185,90,"Best online shopping experience I've had. The seller was incredibly helpful, shipping was fast, and the product exceeded my expectations.",5,2025-02-03 05:04:55
329,70,439,Five-star experience with this seller. Package arrived ahead of schedule and was perfectly packaged. Great customer service when I had questions.,5,2025-03-23 09:21:11
330,113,514,Disappointed with this seller. Slow shipping and the product wasn't exactly as described. Customer service was slow to respond to my concerns.,2,2024-10-26 08:39:06
331,68,468,Five-star experience with this seller. Package arrived ahead of schedule and was perfectly packaged. Great customer service when I had questions.,5,2025-03-26 05:03:25
332,22,745,Very positive experience with this seller. Communication was good and the product arrived in good condition. Shipping took a bit longer than expected.,4,2025-03-31 05:31:59
333,129,594,Satisfied with this purchase. The seller was professional and the product matched the description. A small packaging issue prevents a 5-star rating.,4,2024-06-12 23:38:37
334,23,915,Satisfactory transaction. The item is as described but the packaging could have been better. Delivery was within the estimated timeframe.,3,2024-05-26 13:23:39
335,91,9,Avoid this seller. The item arrived damaged and completely unusable. Customer service refused to help resolve the issue.,1,2024-10-03 09:02:39
336,70,217,"Good experience overall. The seller was responsive, the item was as pictured, and shipping was reasonable. Would recommend with minor reservations.",4,2024-12-28 05:55:32
337,197,320,"Frustrating experience with this seller. Delayed shipping with no updates, and the product didn't fully match the description. Poor communication.",2,2025-03-06 01:02:21
338,56,226,"Frustrating experience with this seller. Delayed shipping with no updates, and the product didn't fully match the description. Poor communication.",2,2025-03-24 23:49:40
339,20,709,Neutral experience. The product meets basic expectations but the shipping took longer than indicated. Seller was responsive when contacted.,3,2024-09-23 13:04:56
340,95,50,Amazing seller! They went above and beyond to make sure I was satisfied with my purchase. Fast shipping and product exactly as advertised.,5,2024-10-01 18:12:23
341,84,918,Middle-of-the-road experience. Product quality is acceptable but not exceptional. Seller responds to messages but not very quickly.,3,2024-09-23 20:58:08
342,195,534,Reliable seller with quality products. The item was well-packaged and as described. Only minor issue was a slight delay in shipping.,4,2024-11-13 13:01:03
343,166,904,"Good experience overall. The seller was responsive, the item was as pictured, and shipping was reasonable. Would recommend with minor reservations.",4,2024-07-07 15:29:49
344,100,966,Five-star experience with this seller. Package arrived ahead of schedule and was perfectly packaged. Great customer service when I had questions.,5,2024-11-08 20:13:52
345,75,542,Reliable seller with quality products. The item was well-packaged and as described. Only minor issue was a slight delay in shipping.,4,2025-01-11 09:24:06
346,69,327,Reliable seller with quality products. The item was well-packaged and as described. Only minor issue was a slight delay in shipping.,4,2025-03-05 09:40:35
347,9,605,Very positive experience with this seller. Communication was good and the product arrived in good condition. Shipping took a bit longer than expected.,4,2024-10-17 20:03:01
348,102,690,"Outstanding seller! Fast shipping, excellent communication, and the product was exactly as described. Would definitely buy from them again!",5,2025-02-11 05:53:47
349,197,670,Satisfied with this purchase. The seller was professional and the product matched the description. A small packaging issue prevents a 5-star rating.,4,2024-05-04 12:13:21
350,16,728,Five-star experience with this seller. Package arrived ahead of schedule and was perfectly packaged. Great customer service when I had questions.,5,2024-09-14 16:16:09
351,186,751,"Decent seller. The item arrived and works as expected, but communication could have been better when I had questions about shipping.",3,2024-11-16 16:24:52
352,57,424,"Frustrating experience with this seller. Delayed shipping with no updates, and the product didn't fully match the description. Poor communication.",2,2025-02-06 01:43:48
353,35,847,Amazing seller! They went above and beyond to make sure I was satisfied with my purchase. Fast shipping and product exactly as advertised.,5,2024-07-19 08:05:49
354,56,76,"Do not buy from this seller! Product was clearly misrepresented in the listing, arrived very late, and was damaged. No response to complaints.",1,2025-03-31 14:25:39
355,26,797,Middle-of-the-road experience. Product quality is acceptable but not exceptional. Seller responds to messages but not very quickly.,3,2025-03-09 06:22:22
356,77,955,Very positive experience with this seller. Communication was good and the product arrived in good condition. Shipping took a bit longer than expected.,4,2024-09-22 13:49:16
357,136,383,Reliable seller with quality products. The item was well-packaged and as described. Only minor issue was a slight delay in shipping.,4,2025-03-03 23:45:16
358,7,327,Very positive experience with this seller. Communication was good and the product arrived in good condition. Shipping took a bit longer than expected.,4,2024-09-21 17:26:26
359,4,675,Satisfied with this purchase. The seller was professional and the product matched the description. A small packaging issue prevents a 5-star rating.,4,2024-05-20 00:09:11
360,13,193,Five-star experience with this seller. Package arrived ahead of schedule and was perfectly packaged. Great customer service when I had questions.,5,2024-08-21 08:27:17
361,151,100,Neutral experience. The product meets basic expectations but the shipping took longer than indicated. Seller was responsive when contacted.,3,2025-04-09 05:25:52
362,196,630,Very positive experience with this seller. Communication was good and the product arrived in good condition. Shipping took a bit longer than expected.,4,2024-10-16 01:30:41
363,77,104,"Excellent seller to deal with. Very professional, quick responses to my inquiries, and the item arrived in perfect condition. Highly recommend!",5,2024-08-14 22:24:08
364,118,848,Reliable seller with quality products. The item was well-packaged and as described. Only minor issue was a slight delay in shipping.,4,2024-12-26 04:37:22
365,167,829,"Best online shopping experience I've had. The seller was incredibly helpful, shipping was fast, and the product exceeded my expectations.",5,2024-06-20 03:27:29
366,79,739,Disappointed with this seller. Slow shipping and the product wasn't exactly as described. Customer service was slow to respond to my concerns.,2,2024-11-01 08:46:21
367,127,895,"Good experience overall. The seller was responsive, the item was as pictured, and shipping was reasonable. Would recommend with minor reservations.",4,2024-12-02 18:54:01
368,117,467,Five-star experience with this seller. Package arrived ahead of schedule and was perfectly packaged. Great customer service when I had questions.,5,2025-03-10 04:54:18
369,23,304,Satisfactory transaction. The item is as described but the packaging could have been better. Delivery was within the estimated timeframe.,3,2024-05-10 05:24:10
370,13,538,"Outstanding seller! Fast shipping, excellent communication, and the product was exactly as described. Would definitely buy from them again!",5,2024-10-01 10:51:42
371,79,60,"Good experience overall. The seller was responsive, the item was as pictured, and shipping was reasonable. Would recommend with minor reservations.",4,2024-10-24 13:31:12
372,65,149,Disappointed with this seller. Slow shipping and the product wasn't exactly as described. Customer service was slow to respond to my concerns.,2,2024-07-21 04:04:45
373,61,875,"Good experience overall. The seller was responsive, the item was as pictured, and shipping was reasonable. Would recommend with minor reservations.",4,2024-10-22 19:56:22
374,149,460,Five-star experience with this seller. Package arrived ahead of schedule and was perfectly packaged. Great customer service when I had questions.,5,2024-08-10 08:49:46
375,114,115,Satisfied with this purchase. The seller was professional and the product matched the description. A small packaging issue prevents a 5-star rating.,4,2024-10-01 16:32:00
376,3,466,Reliable seller with quality products. The item was well-packaged and as described. Only minor issue was a slight delay in shipping.,4,2025-04-10 05:50:53
377,39,363,Average experience with this seller. Product was okay and arrived within the expected timeframe. Nothing exceptional but no major issues either.,3,2025-04-11 00:39:58
378,177,225,Good seller with fast shipping and reliable service. The product was as described and arrived on time. Would shop with them again.,4,2024-05-13 23:10:04
379,8,356,Amazing seller! They went above and beyond to make sure I was satisfied with my purchase. Fast shipping and product exactly as advertised.,5,2024-12-15 02:40:23
380,74,66,"Excellent seller to deal with. Very professional, quick responses to my inquiries, and the item arrived in perfect condition. Highly recommend!",5,2024-07-24 05:17:11
381,150,455,"Good experience overall. The seller was responsive, the item was as pictured, and shipping was reasonable. Would recommend with minor reservations.",4,2024-06-06 03:31:02
382,106,873,"Decent seller. The item arrived and works as expected, but communication could have been better when I had questions about shipping.",3,2024-09-15 10:08:07
383,111,629,"Extremely poor service. Item was significantly delayed, poorly packaged, and damaged upon arrival. Seller ignored all attempts to resolve the issue.",1,2025-01-29 03:02:45
384,77,360,"Best online shopping experience I've had. The seller was incredibly helpful, shipping was fast, and the product exceeded my expectations.",5,2024-07-13 06:32:04
385,21,627,"Best online shopping experience I've had. The seller was incredibly helpful, shipping was fast, and the product exceeded my expectations.",5,2025-03-03 11:14:52
386,39,973,Avoid this seller. The item arrived damaged and completely unusable. Customer service refused to help resolve the issue.,1,2025-02-16 17:21:54
387,173,729,Amazing seller! They went above and beyond to make sure I was satisfied with my purchase. Fast shipping and product exactly as advertised.,5,2024-05-02 13:01:18
388,142,901,Five-star experience with this seller. Package arrived ahead of schedule and was perfectly packaged. Great customer service when I had questions.,5,2025-04-29 11:16:30
389,163,44,Five-star experience with this seller. Package arrived ahead of schedule and was perfectly packaged. Great customer service when I had questions.,5,2024-09-21 18:53:39
390,92,316,Very positive experience with this seller. Communication was good and the product arrived in good condition. Shipping took a bit longer than expected.,4,2025-01-08 10:32:42
391,144,336,Below average experience. The product eventually arrived but was delayed without explanation. Quality wasn't what I expected based on the listing.,2,2024-06-21 02:55:13
392,107,502,Below average experience. The product eventually arrived but was delayed without explanation. Quality wasn't what I expected based on the listing.,2,2024-11-30 20:00:49
393,35,651,Amazing seller! They went above and beyond to make sure I was satisfied with my purchase. Fast shipping and product exactly as advertised.,5,2024-10-29 03:40:07
394,149,333,Amazing seller! They went above and beyond to make sure I was satisfied with my purchase. Fast shipping and product exactly as advertised.,5,2024-06-21 08:34:56
395,117,5,Neutral experience. The product meets basic expectations but the shipping took longer than indicated. Seller was responsive when contacted.,3,2024-06-27 17:26:37
396,155,242,Good seller with fast shipping and reliable service. The product was as described and arrived on time. Would shop with them again.,4,2024-10-02 23:35:24
397,191,836,Average experience with this seller. Product was okay and arrived within the expected timeframe. Nothing exceptional but no major issues either.,3,2025-03-21 23:02:22
398,185,247,Five-star experience with this seller. Package arrived ahead of schedule and was perfectly packaged. Great customer service when I had questions.,5,2025-01-05 06:21:12
399,180,419,"Outstanding seller! Fast shipping, excellent communication, and the product was exactly as described. Would definitely buy from them again!",5,2025-03-17 12:46:19
400,155,948,Reliable seller with quality products. The item was well-packaged and as described. Only minor issue was a slight delay in shipping.,4,2024-09-01 07:45:06
401,68,856,"Good experience overall. The seller was responsive, the item was as pictured, and shipping was reasonable. Would recommend with minor reservations.",4,2024-07-20 00:17:40
402,137,427,Five-star experience with this seller. Package arrived ahead of schedule and was perfectly packaged. Great customer service when I had questions.,5,2024-07-06 18:15:39
403,116,812,Amazing seller! They went above and beyond to make sure I was satisfied with my purchase. Fast shipping and product exactly as advertised.,5,2024-10-27 15:22:06
404,43,577,"Best online shopping experience I've had. The seller was incredibly helpful, shipping was fast, and the product exceeded my expectations.",5,2024-05-16 06:02:01
405,124,319,Reliable seller with quality products. The item was well-packaged and as described. Only minor issue was a slight delay in shipping.,4,2024-09-17 04:55:25
406,52,783,Middle-of-the-road experience. Product quality is acceptable but not exceptional. Seller responds to messages but not very quickly.,3,2024-11-19 07:37:34
407,34,171,Neutral experience. The product meets basic expectations but the shipping took longer than indicated. Seller was responsive when contacted.,3,2024-06-18 23:38:12
408,170,306,Amazing seller! They went above and beyond to make sure I was satisfied with my purchase. Fast shipping and product exactly as advertised.,5,2024-07-23 13:06:30
409,179,197,"Good experience overall. The seller was responsive, the item was as pictured, and shipping was reasonable. Would recommend with minor reservations.",4,2024-07-06 09:48:44
410,17,733,"Best online shopping experience I've had. The seller was incredibly helpful, shipping was fast, and the product exceeded my expectations.",5,2024-08-07 17:35:26
411,194,750,Satisfied with this purchase. The seller was professional and the product matched the description. A small packaging issue prevents a 5-star rating.,4,2024-09-29 08:37:12
412,135,968,"Best online shopping experience I've had. The seller was incredibly helpful, shipping was fast, and the product exceeded my expectations.",5,2025-01-02 07:57:15
413,118,605,"Excellent seller to deal with. Very professional, quick responses to my inquiries, and the item arrived in perfect condition. Highly recommend!",5,2024-05-13 18:40:40
414,48,190,"Decent seller. The item arrived and works as expected, but communication could have been better when I had questions about shipping.",3,2024-12-08 22:49:28
415,70,118,Amazing seller! They went above and beyond to make sure I was satisfied with my purchase. Fast shipping and product exactly as advertised.,5,2024-09-04 15:29:56
416,166,684,Five-star experience with this seller. Package arrived ahead of schedule and was perfectly packaged. Great customer service when I had questions.,5,2025-03-31 23:35:20
417,43,631,Disappointed with this seller. Slow shipping and the product wasn't exactly as described. Customer service was slow to respond to my concerns.,2,2025-03-11 18:09:27
418,14,701,"Excellent seller to deal with. Very professional, quick responses to my inquiries, and the item arrived in perfect condition. Highly recommend!",5,2024-05-20 03:20:51
419,117,968,Very positive experience with this seller. Communication was good and the product arrived in good condition. Shipping took a bit longer than expected.,4,2024-08-16 14:38:50
420,163,366,Reliable seller with quality products. The item was well-packaged and as described. Only minor issue was a slight delay in shipping.,4,2024-06-02 07:42:13
421,28,598,"Good experience overall. The seller was responsive, the item was as pictured, and shipping was reasonable. Would recommend with minor reservations.",4,2025-02-23 05:30:07
422,62,170,Five-star experience with this seller. Package arrived ahead of schedule and was perfectly packaged. Great customer service when I had questions.,5,2024-11-29 17:30:20
423,25,9,Good seller with fast shipping and reliable service. The product was as described and arrived on time. Would shop with them again.,4,2024-11-03 04:56:11
424,142,163,Neutral experience. The product meets basic expectations but the shipping took longer than indicated. Seller was responsive when contacted.,3,2024-09-24 20:52:42
425,96,807,Amazing seller! They went above and beyond to make sure I was satisfied with my purchase. Fast shipping and product exactly as advertised.,5,2025-05-01 00:22:09
426,196,402,Below average experience. The product eventually arrived but was delayed without explanation. Quality wasn't what I expected based on the listing.,2,2024-05-02 15:38:08
427,193,116,Below average experience. The product eventually arrived but was delayed without explanation. Quality wasn't what I expected based on the listing.,2,2024-08-29 19:12:35
428,145,382,"Worst online shopping experience ever. Wrong item shipped, seller refused to correct the mistake, and was rude in communications.",1,2025-02-01 01:55:02
429,8,202,Reliable seller with quality products. The item was well-packaged and as described. Only minor issue was a slight delay in shipping.,4,2024-10-22 18:14:13
430,153,728,"Extremely poor service. Item was significantly delayed, poorly packaged, and damaged upon arrival. Seller ignored all attempts to resolve the issue.",1,2024-10-26 21:36:04
431,98,486,"Wouldn't recommend this seller. Shipping issues, packaging was insufficient, and the product had minor damage. Difficult to get assistance.",2,2025-01-31 02:08:06
432,44,369,Very positive experience with this seller. Communication was good and the product arrived in good condition. Shipping took a bit longer than expected.,4,2024-06-04 00:55:53
433,149,674,"Frustrating experience with this seller. Delayed shipping with no updates, and the product didn't fully match the description. Poor communication.",2,2025-03-19 14:47:59
434,181,333,Good seller with fast shipping and reliable service. The product was as described and arrived on time. Would shop with them again.,4,2024-10-18 00:36:18
435,159,238,Five-star experience with this seller. Package arrived ahead of schedule and was perfectly packaged. Great customer service when I had questions.,5,2025-01-27 09:18:43
436,164,100,"Good experience overall. The seller was responsive, the item was as pictured, and shipping was reasonable. Would recommend with minor reservations.",4,2025-04-19 20:00:56
437,9,116,"Good experience overall. The seller was responsive, the item was as pictured, and shipping was reasonable. Would recommend with minor reservations.",4,2024-11-02 21:52:35
438,38,314,Amazing seller! They went above and beyond to make sure I was satisfied with my purchase. Fast shipping and product exactly as advertised.,5,2025-04-12 12:17:20
439,94,222,Satisfactory transaction. The item is as described but the packaging could have been better. Delivery was within the estimated timeframe.,3,2024-12-24 14:57:48
440,62,260,Satisfactory transaction. The item is as described but the packaging could have been better. Delivery was within the estimated timeframe.,3,2024-08-06 15:52:44
441,127,43,"Decent seller. The item arrived and works as expected, but communication could have been better when I had questions about shipping.",3,2025-02-09 21:53:57
442,198,994,Satisfied with this purchase. The seller was professional and the product matched the description. A small packaging issue prevents a 5-star rating.,4,2025-01-04 16:09:31
443,6,717,Disappointed with this seller. Slow shipping and the product wasn't exactly as described. Customer service was slow to respond to my concerns.,2,2024-05-29 10:41:49
444,179,118,Amazing seller! They went above and beyond to make sure I was satisfied with my purchase. Fast shipping and product exactly as advertised.,5,2025-03-11 05:54:29
445,177,336,Amazing seller! They went above and beyond to make sure I was satisfied with my purchase. Fast shipping and product exactly as advertised.,5,2024-12-21 05:38:00
446,120,232,Amazing seller! They went above and beyond to make sure I was satisfied with my purchase. Fast shipping and product exactly as advertised.,5,2025-04-26 04:01:17
447,70,613,Neutral experience. The product meets basic expectations but the shipping took longer than indicated. Seller was responsive when contacted.,3,2025-02-19 23:46:36
448,45,134,"Extremely poor service. Item was significantly delayed, poorly packaged, and damaged upon arrival. Seller ignored all attempts to resolve the issue.",1,2025-02-10 17:19:41
449,72,471,Reliable seller with quality products. The item was well-packaged and as described. Only minor issue was a slight delay in shipping.,4,2024-05-07 07:12:04
450,158,213,"Best online shopping experience I've had. The seller was incredibly helpful, shipping was fast, and the product exceeded my expectations.",5,2025-01-04 02:45:43
451,43,38,Satisfactory transaction. The item is as described but the packaging could have been better. Delivery was within the estimated timeframe.,3,2024-07-24 10:46:15
452,40,654,Very positive experience with this seller. Communication was good and the product arrived in good condition. Shipping took a bit longer than expected.,4,2024-11-28 23:49:19
453,115,894,Satisfactory transaction. The item is as described but the packaging could have been better. Delivery was within the estimated timeframe.,3,2024-09-04 17:41:29
454,11,110,"Excellent seller to deal with. Very professional, quick responses to my inquiries, and the item arrived in perfect condition. Highly recommend!",5,2024-05-22 03:17:39
455,59,560,Satisfactory transaction. The item is as described but the packaging could have been better. Delivery was within the estimated timeframe.,3,2024-11-15 02:51:11
456,95,459,"Outstanding seller! Fast shipping, excellent communication, and the product was exactly as described. Would definitely buy from them again!",5,2025-01-13 00:09:29
457,16,138,Five-star experience with this seller. Package arrived ahead of schedule and was perfectly packaged. Great customer service when I had questions.,5,2024-10-24 13:59:33
458,106,573,Very positive experience with this seller. Communication was good and the product arrived in good condition. Shipping took a bit longer than expected.,4,2024-12-01 18:41:14
459,149,521,"Best online shopping experience I've had. The seller was incredibly helpful, shipping was fast, and the product exceeded my expectations.",5,2024-10-05 09:09:59
460,149,370,"Frustrating experience with this seller. Delayed shipping with no updates, and the product didn't fully match the description. Poor communication.",2,2024-07-06 09:48:35
461,177,765,Middle-of-the-road experience. Product quality is acceptable but not exceptional. Seller responds to messages but not very quickly.,3,2025-04-10 18:09:16
462,197,300,"Do not buy from this seller! Product was clearly misrepresented in the listing, arrived very late, and was damaged. No response to complaints.",1,2024-09-21 10:42:53
463,57,674,"Outstanding seller! Fast shipping, excellent communication, and the product was exactly as described. Would definitely buy from them again!",5,2024-07-26 20:24:32
464,120,392,Average experience with this seller. Product was okay and arrived within the expected timeframe. Nothing exceptional but no major issues either.,3,2024-08-23 16:03:46
465,99,556,Good seller with fast shipping and reliable service. The product was as described and arrived on time. Would shop with them again.,4,2024-12-05 17:16:11
466,37,630,Not a great experience. Communication was poor and the item arrived later than promised. Product quality was also less than expected.,2,2025-03-01 02:26:38
467,152,177,"Do not buy from this seller! Product was clearly misrepresented in the listing, arrived very late, and was damaged. No response to complaints.",1,2024-06-07 04:11:33
468,177,104,Very positive experience with this seller. Communication was good and the product arrived in good condition. Shipping took a bit longer than expected.,4,2024-07-09 22:25:10
469,162,45,"Outstanding seller! Fast shipping, excellent communication, and the product was exactly as described. Would definitely buy from them again!",5,2024-08-08 05:25:19
470,170,128,"Good experience overall. The seller was responsive, the item was as pictured, and shipping was reasonable. Would recommend with minor reservations.",4,2024-12-23 21:44:49
471,34,643,Very positive experience with this seller. Communication was good and the product arrived in good condition. Shipping took a bit longer than expected.,4,2024-11-17 05:16:57
472,65,791,"Outstanding seller! Fast shipping, excellent communication, and the product was exactly as described. Would definitely buy from them again!",5,2024-09-30 12:14:01
473,86,824,Middle-of-the-road experience. Product quality is acceptable but not exceptional. Seller responds to messages but not very quickly.,3,2024-08-05 03:32:49
474,148,671,"Excellent seller to deal with. Very professional, quick responses to my inquiries, and the item arrived in perfect condition. Highly recommend!",5,2024-05-16 08:35:03
475,54,264,"Frustrating experience with this seller. Delayed shipping with no updates, and the product didn't fully match the description. Poor communication.",2,2025-04-26 11:28:07
476,161,990,Very positive experience with this seller. Communication was good and the product arrived in good condition. Shipping took a bit longer than expected.,4,2025-03-10 06:02:56
477,142,689,Disappointed with this seller. Slow shipping and the product wasn't exactly as described. Customer service was slow to respond to my concerns.,2,2024-09-04 21:37:08
478,34,840,Average experience with this seller. Product was okay and arrived within the expected timeframe. Nothing exceptional but no major issues either.,3,2024-10-10 14:57:02
479,88,288,Five-star experience with this seller. Package arrived ahead of schedule and was perfectly packaged. Great customer service when I had questions.,5,2024-09-17 23:45:16
480,143,334,Good seller with fast shipping and reliable service. The product was as described and arrived on time. Would shop with them again.,4,2025-01-11 02:41:46
481,84,660,"Good experience overall. The seller was responsive, the item was as pictured, and shipping was reasonable. Would recommend with minor reservations.",4,2025-01-12 06:02:08
482,13,760,Satisfied with this purchase. The seller was professional and the product matched the description. A small packaging issue prevents a 5-star rating.,4,2024-07-09 13:20:22
483,109,720,"Excellent seller to deal with. Very professional, quick responses to my inquiries, and the item arrived in perfect condition. Highly recommend!",5,2025-04-30 01:57:11
484,94,502,Disappointed with this seller. Slow shipping and the product wasn't exactly as described. Customer service was slow to respond to my concerns.,2,2024-12-07 22:57:10
485,167,41,"Frustrating experience with this seller. Delayed shipping with no updates, and the product didn't fully match the description. Poor communication.",2,2024-12-21 07:08:40
486,182,596,Five-star experience with this seller. Package arrived ahead of schedule and was perfectly packaged. Great customer service when I had questions.,5,2025-03-14 11:09:13
487,179,627,"Do not buy from this seller! Product was clearly misrepresented in the listing, arrived very late, and was damaged. No response to complaints.",1,2024-12-02 00:01:11
488,167,106,Neutral experience. The product meets basic expectations but the shipping took longer than indicated. Seller was responsive when contacted.,3,2024-08-10 00:48:44
489,1,877,Satisfied with this purchase. The seller was professional and the product matched the description. A small packaging issue prevents a 5-star rating.,4,2025-03-15 23:22:49
490,173,618,"Excellent seller to deal with. Very professional, quick responses to my inquiries, and the item arrived in perfect condition. Highly recommend!",5,2025-01-05 19:02:19
491,147,768,Five-star experience with this seller. Package arrived ahead of schedule and was perfectly packaged. Great customer service when I had questions.,5,2024-09-22 00:49:01
492,179,814,Satisfied with this purchase. The seller was professional and the product matched the description. A small packaging issue prevents a 5-star rating.,4,2024-10-20 09:03:17
493,87,221,Below average experience. The product eventually arrived but was delayed without explanation. Quality wasn't what I expected based on the listing.,2,2024-09-27 19:23:35
494,161,416,"Good experience overall. The seller was responsive, the item was as pictured, and shipping was reasonable. Would recommend with minor reservations.",4,2024-05-29 18:26:43
495,171,745,"Excellent seller to deal with. Very professional, quick responses to my inquiries, and the item arrived in perfect condition. Highly recommend!",5,2024-09-14 00:28:52
496,36,746,Terrible experience! The product never arrived and the seller was unresponsive to my messages. Had to file for a refund.,1,2024-07-31 23:40:31
497,120,763,Average experience with this seller. Product was okay and arrived within the expected timeframe. Nothing exceptional but no major issues either.,3,2025-01-18 18:35:55
498,126,8,Middle-of-the-road experience. Product quality is acceptable but not exceptional. Seller responds to messages but not very quickly.,3,2024-08-04 12:31:49
499,90,950,Avoid this seller. The item arrived damaged and completely unusable. Customer service refused to help resolve the issue.,1,2025-02-18 06:36:35
500,22,432,"Outstanding seller! Fast shipping, excellent communication, and the product was exactly as described. Would definitely buy from them again!",5,2024-10-04 02:13:30
