1,Chang-Fisher,"4759 William Haven Apt. 194, West Corey, CA 90152"
2,Kennedy-Garcia,"778 Brown Plaza, North Jenniferfurt, VT 88077"
3,"Smith, Snyder and Dillon","139 John Divide Suite 115, Rodriguezside, LA 93111"
4,Kelley PLC,"1965 Kelly Field Apt. 094, Jonesberg, FM 20102"
5,Kirby Ltd,"PSC 8684, Box 8339, APO AA 76482"
6,Hayes-Keller,"Unit 5159 Box 1795, DPO AE 32356"
7,Dennis Inc,"56012 Brandon Ports Apt. 013, South Christopherville, AZ 79865"
8,Lee and Sons,"00869 Mary Cliff Apt. 145, Whitehaven, NH 05662"
9,"Garcia, Mcneil and Gonzalez","230 Megan Junctions Suite 197, North Thomas, MT 75095"
10,"Lowery, Banks and Price","071 Stevenson Plains, Dennisfort, MI 80472"
11,Nunez-Garza,"466 Aaron Fields, Ernestbury, SC 59238"
12,Page-Nunez,"9602 Brown Squares, South Allison, NM 74085"
13,"Campos, Henson and Simpson","63812 Richard Springs Suite 503, Lake Karenhaven, RI 13317"
14,Wilson Ltd,"2176 Andrew Mission Apt. 428, Darinberg, KY 02935"
15,Williams Ltd,"9097 Bowman Landing Apt. 369, Alanberg, KY 44201"
16,Clarke-Higgins,"42294 Foster Plaza, West Danny, VA 31919"
17,Parker PLC,"5461 Ann Orchard Suite 551, Wilsonfort, NE 05458"
18,Rogers-Mcdaniel,"961 Lindsey Flat, North Paul, CT 52118"
19,"Stone, West and Burns","1534 Ryan Knolls, North Lynntown, MH 69420"
20,Goodwin-Harris,"03921 Stephen Lake Apt. 197, New Richard, TX 55975"
21,"Simpson, Stark and Morris","389 Alec Squares Suite 508, Port Jonathan, WY 20935"
22,Aguilar-Robbins,"80132 Kevin Trace, Riveraburgh, AS 20007"
23,"Murray, Watson and Reyes","189 Julie Throughway, West Amanda, PA 55268"
24,Bruce-Compton,"02489 Cook Park, Sherriport, WI 53987"
25,Patrick-Brown,"45007 Thomas Way, Lake Hollystad, MT 05112"
26,"Owens, Ellis and Garcia","99251 Lee Tunnel, Rodriguezton, RI 92358"
27,Mendez-Peck,"64183 Kimberly Mills Suite 375, North Rachelton, NM 33974"
28,Duffy Ltd,"18868 Dougherty Drive, Snowchester, CO 14232"
29,Brown-Perry,"6607 Sharp Common, Chadstad, UT 04351"
30,Bailey-Smith,"Unit 5192 Box 3031, DPO AP 01442"
31,Wood-Johnson,"71754 Anthony Fords, Matthewport, LA 73010"
32,"Murphy, Watkins and Miller","62235 Joel Ferry Suite 560, New Andrew, CA 92535"
33,Anderson LLC,"645 John Roads, Danahaven, AR 49840"
34,Smith-Hayden,"PSC 7354, Box 7121, APO AA 15201"
35,"Jacobs, Moore and Park","PSC 2662, Box 3758, APO AE 47079"
36,Welch-Miller,"79703 Wilson Roads Suite 892, Mccarthyfort, CO 89391"
37,Wolf-Hall,"014 Aaron Locks Suite 714, Justinborough, PA 11676"
38,Jones LLC,"83216 Campbell Dale Apt. 816, Figueroaview, LA 58482"
39,Carroll-Taylor,"6972 Gomez Mountains, Robinsonfort, UT 66242"
40,Vasquez-Mullen,"709 Anthony Mountains, Onealtown, PR 69553"
41,Mcdaniel Inc,"50190 Marks Squares Suite 329, Jameschester, NH 94393"
42,Cruz-Rivera,"72852 Renee Mills Suite 667, Blairborough, NV 27274"
43,"Mckinney, Bullock and Johnson","0239 Salazar Squares, Kelseystad, MT 60570"
44,Welch PLC,"774 Lewis Grove Apt. 002, Adamtown, DC 08848"
45,Becker-Arellano,"3591 Laura Islands, Barryview, AK 68919"
46,Lee Inc,"34448 Scott Key Apt. 048, North Stevenmouth, AR 54518"
47,Stevens-Wilson,"63791 Hansen Village, Williamsburgh, IA 64728"
48,Anderson LLC,"USNV Vang, FPO AE 73515"
49,Bishop-Mccormick,"978 Nelson Brook Apt. 912, Wrightport, FM 96980"
50,"Smith, Nichols and Patterson","419 Hall Stravenue Suite 331, Emilybury, MN 82881"
51,Mitchell-Jackson,"9026 Theresa Pass Apt. 237, East Jessica, GU 31131"
52,Gomez-Garza,"089 Burns Inlet, East Angelaburgh, TN 65342"
53,"Castillo, Edwards and Abbott","354 Acevedo Fords Apt. 535, Barnettbury, KS 45612"
54,"Martin, Smith and Berry","0700 Brady Fork, Carlton, MI 87529"
55,Taylor-Weeks,"4256 Smith Greens, Maloneshire, PW 16569"
56,Finley-Jackson,"53230 Julia Villages, Lake Christian, VI 78866"
57,Oliver Group,"5600 Davis Highway, South Joel, MI 21771"
58,"Mullins, Morgan and Pratt","USS Collins, FPO AA 72649"
59,Madden-Mejia,"076 Richard Park Apt. 040, Erinshire, UT 38482"
60,"Gill, Farmer and Black","19539 Martin Ways Apt. 509, New Ericstad, MN 38667"
61,"Carter, Simpson and Powell","29072 Noble Stravenue, Browningview, WA 80744"
62,Jones Group,"212 Shelly Roads, Fischerview, ME 37851"
63,Patterson Ltd,"885 Lee Tunnel Suite 208, Port Donna, WY 74331"
64,Ward-Herring,"930 Rice Estate Apt. 570, New Patricia, KY 24767"
65,Miller-West,"132 Mclean Meadow Suite 446, Chelsealand, ME 04450"
66,Smith-King,"6097 Gallegos Crossroad Suite 506, Mccallberg, AZ 11181"
67,"Hancock, Ward and Jones","50562 Russell Divide Apt. 648, East Davidberg, PW 63532"
68,"May, Gallagher and Williams","625 Christopher Extensions, Jamesview, MD 92304"
69,"King, Green and Walls","Unit 2782 Box 0928, DPO AE 99813"
70,Meyers-Jones,"378 Jenna Shoal Apt. 780, Port Zacharytown, GU 10985"
71,Patterson LLC,"8512 Schaefer Falls Apt. 059, North Robert, AR 92099"
72,Robles-Buck,"1607 Munoz River, Emilyshire, PR 59960"
73,White-Chavez,"51105 Gregory Ridges Apt. 578, Alvarezton, ND 53183"
74,Johnson-Black,"5170 Regina Road, Susantown, MS 44762"
75,Blackburn Ltd,"39507 Williams Garden, Markbury, MI 30128"
76,Johns Group,"9029 Gloria Stravenue, East Andrew, GU 42879"
77,"Smith, Williams and Frost","60669 Dawson Dam, Williamside, MO 10075"
78,Russell Ltd,"6376 Sabrina Garden, Sandersshire, CA 33579"
79,Dyer-Watson,"40956 Amanda Walk Apt. 260, Simonfurt, NE 14239"
80,"Murray, Murray and Jackson","481 Reed Road, Katiehaven, WV 07566"
81,Wiley LLC,"6048 Johnson Loop Suite 635, East Daniel, MI 22227"
82,Jordan Group,"8822 Jared Forks, New Derekfort, MI 82204"
83,"Roberts, Mcguire and Sutton","2585 Rhonda Streets Suite 365, Fryhaven, ME 54253"
84,Hess-Vega,"981 Caitlin Rapids, West Haleyburgh, MS 11691"
85,Smith LLC,"1759 Estrada Valleys Apt. 288, Port Melissaburgh, AK 84808"
86,Johns PLC,"6409 Samantha Extension, Cunninghamfurt, AS 11877"
87,"Chapman, Cook and Hunter","148 Pierce Lock Suite 423, Erikberg, NH 09524"
88,Mendoza PLC,"USS Baker, FPO AE 15033"
89,Thomas-Cain,"298 Adrian Wall, Grantfort, VT 90995"
90,Velazquez PLC,"03374 Walker Park Suite 851, West Ashleybury, WA 48669"
91,Valencia-Thomas,"754 Salazar Village, South Michaelfort, IN 86508"
92,"Brooks, Moon and Reynolds","417 Martinez Drives Suite 325, Perezfurt, MS 61425"
93,"Murray, Walls and Duarte","684 Hall Path, North Thomasfurt, MH 30303"
94,Joyce-Johnston,"3521 Laura Lakes, East Stephanietown, MS 70569"
95,Anderson PLC,"73089 Jones Fall, East Sarah, MS 62718"
96,Graham Group,"Unit 0940 Box 9555, DPO AP 59996"
97,"Taylor, Holmes and King","0292 Clark Shoals, Jameshaven, NY 16274"
98,"Garcia, Bartlett and Martinez","PSC 7278, Box 5264, APO AA 10796"
99,"Wagner, Wilkins and Boyer","6070 Benjamin Trail Suite 363, Thomasberg, IN 58291"
100,Ward-Tucker,"USNS Novak, FPO AP 90219"
101,Lopez PLC,"25059 Katie Mountain, Byrdchester, NM 25673"
102,Myers LLC,"528 Hernandez Spurs, Nolanshire, IL 78890"
103,Johnson-Freeman,"300 Dennis Mills Apt. 186, Nicolemouth, NM 90343"
104,Martin PLC,"7571 Jeffrey Crescent Apt. 678, West Janet, AK 53734"
105,Miller Group,"302 Parker Plains Apt. 197, East Robertstad, ME 11473"
106,"Johnson, Stokes and Austin","74197 Humphrey Forges Suite 685, Port Brittany, CO 06269"
107,Stewart PLC,"765 Daniel Burg, South Catherineberg, WV 19079"
108,Wilson Group,"6154 Jensen Route Apt. 880, Zacharytown, GA 65441"
109,Walsh LLC,"98614 Abigail Wall Apt. 708, West Colin, MP 93220"
110,Cowan Ltd,"3975 Joseph Keys, East Steven, MD 17339"
111,Hoffman-Parsons,"5019 Kelly Crescent Apt. 438, Michelleland, MT 66394"
112,"Decker, Martinez and Watkins","43640 Mary Route Suite 155, Brandonbury, PR 91244"
113,"Taylor, Harper and Hartman","5877 Rodney Extension, East Jasminfort, MS 04512"
114,Miller Inc,"0586 Alison Parks, Josephchester, NJ 91908"
115,Martin PLC,"34228 Stephens Falls, Port Lori, MT 92936"
116,Sanchez PLC,"384 Jennifer Turnpike, North Robert, MS 66761"
117,Lewis-Ferguson,"80103 Cole Harbor, Dudleyfurt, KS 95684"
118,Stafford and Sons,"08173 Mckinney Trace, New Courtney, NY 38401"
119,George LLC,"8420 Roman Village Apt. 965, Turnerberg, NJ 39285"
120,"Gentry, Bailey and Little","849 Jacob Forge Suite 828, Port Carla, WV 70196"
121,"Huff, Holland and Stark","8034 Vazquez Brook Apt. 914, Port Morganburgh, RI 23253"
122,"Ward, Cain and Smith","Unit 0092 Box 4367, DPO AP 48116"
123,Miller-Reynolds,"09845 Monica Lights, West Jack, HI 65552"
124,"Hernandez, Vargas and Russell","06902 Robert Isle, Lake Bryan, DC 41935"
125,"Burgess, Tucker and Olson","PSC 4172, Box 1848, APO AP 53527"
126,"West, Lambert and Lawson","191 Julie Orchard, Glendaville, TX 56307"
127,Hill-Rodriguez,"09021 Cruz Orchard, West Crystalberg, CO 92631"
128,Schneider-Brady,"0096 Ann Squares, Richardside, AR 97847"
129,Johns-Thomas,"USNS Newman, FPO AP 22567"
130,Ray LLC,"0081 Danielle Drives, Port Kathleen, DC 15510"
131,Smith-Hoover,"115 Jon Isle Suite 788, North Lesliefurt, WI 53362"
132,"Castillo, Simmons and Jones","521 Eric Lights Apt. 184, Michaelfort, MO 78026"
133,Manning-Conway,"80655 John Club Suite 156, New Andrew, NY 15135"
134,Hudson Inc,"USNS Peterson, FPO AA 63827"
135,Smith-Wong,"520 Fox Expressway Suite 497, North Jasmine, RI 79115"
136,"Thompson, Alexander and Lane","Unit 9286 Box 6356, DPO AA 32039"
137,Scott and Sons,"3959 Marc Divide Suite 828, South Timothyburgh, PA 47416"
138,"Wright, Pham and Fernandez","PSC 4648, Box 3565, APO AP 03219"
139,Lee and Sons,"714 Barker Manor, Melindafurt, AR 15578"
140,Cook and Sons,"8675 Sophia Corners Apt. 180, Stephanieville, MH 74361"
141,Smith Inc,"96299 Joshua Estate Apt. 932, East Jonathan, WY 40279"
142,Navarro LLC,"623 Michael Shoals, Gregoryview, CO 94903"
143,"Williamson, Vazquez and Ramirez","23906 Dustin Plain, New Lucasbury, TN 23360"
144,Stewart-Ibarra,"315 Nelson Plain Suite 348, Jonesfurt, DE 77833"
145,"Davis, Phelps and Baldwin","PSC 7264, Box 8321, APO AA 58237"
146,Bennett-Williams,"682 Diana Inlet Suite 896, South James, CO 13289"
147,"Morales, Hunter and Owens","33196 Jones Village, New James, NM 12409"
148,Middleton Inc,"989 Burke Way, Emilyfort, SC 83115"
149,"Kramer, Bell and Baird","73830 Joel Mountains, New Joshuaport, MO 43629"
150,"Le, Beck and Klein","175 Jerry Dale, Dorseybury, PR 02837"
151,Campbell-Holmes,"85515 James Hill, Curtisfurt, MO 05151"
152,Alexander LLC,"397 Moore Drive, Bakerborough, DE 21181"
153,Alexander PLC,"47915 Craig Gardens, North Michelleshire, CO 61535"
154,Mclaughlin-Scott,"31982 Santos Road Apt. 032, Port Dana, FL 78100"
155,"Thompson, Garcia and Davis","601 Maria Mission Apt. 554, Myerstown, LA 86078"
156,Lewis Inc,"83750 Fisher Path, Lake Martin, OK 86455"
157,"Mcneil, Bradshaw and Evans","44152 Johnson Row Suite 048, Mcdonaldshire, WA 68338"
158,Martin Inc,"437 Baker Lodge Apt. 974, Lake Alexis, MA 34804"
159,"Mann, Olsen and Sandoval","356 Suzanne Crossing Apt. 577, Lake Mary, NE 57695"
160,Diaz-Garcia,"10867 Phillip Stravenue Apt. 604, West Joshua, DE 73626"
161,"Byrd, Smith and Thomas","3359 Green Extension Suite 601, North Markborough, ME 71905"
162,Mason LLC,"940 Samantha Creek, South Gabriel, NH 34295"
163,"Jackson, Bush and Duncan","14163 Cummings Forks, Brewerhaven, OH 48737"
164,Coleman Inc,"5857 Gilmore Stravenue, Melvinburgh, HI 29630"
165,Morris-Johnson,"301 Daniel Viaduct Apt. 369, Andreaton, NM 54757"
166,Conner-Wiley,"317 Donna Stravenue, Austinborough, CO 56609"
167,Stephens Ltd,"94678 Brown Camp, West Nicholaschester, MS 85041"
168,"Juarez, Wise and Campbell","Unit 8064 Box 7266, DPO AA 94106"
169,"Bowen, Turner and Kelley","0677 Jones Forks, Jerrytown, RI 44915"
170,White Group,"90320 Leonard Fall, Randyport, ND 05463"
171,Mendoza Inc,"444 Johnson Viaduct Suite 571, Port Debraport, IN 60110"
172,"Parker, Pennington and Gray","15044 Aaron Road, East Nancyburgh, NJ 85614"
173,Richards Inc,"USNS Flynn, FPO AE 93430"
174,Lawson Ltd,"6117 Benitez Stream, New Curtis, PR 49326"
175,"Atkinson, Dixon and Miller","831 Kemp Pines, Annashire, ND 51932"
176,Allen-Steele,"4585 Alan Divide Suite 322, Port Tracyfort, TN 16989"
177,Church-Roth,"553 Walter Park, Lake John, ID 83704"
178,Williamson Ltd,"46850 Hall Bypass Suite 842, Brandonview, VA 10929"
179,Wong-Smith,"245 George Flats, South Justinton, KS 01181"
180,Lindsey and Sons,"98308 Shawn Plains Suite 995, Michaeltown, MT 48169"
181,Castillo and Sons,"039 Gutierrez Lock Apt. 266, Wilcoxborough, KS 08780"
182,"Cantu, Kerr and Smith","PSC 2124, Box 2648, APO AP 55705"
183,Ryan-Coleman,"544 Bennett Passage Apt. 788, South Joseph, SD 53804"
184,"Johnson, Smith and Peters","USNV Marquez, FPO AE 04343"
185,Shelton-Price,"787 Linda Throughway Apt. 953, Russellbury, CT 22168"
186,"Chavez, Anderson and Villa","274 Peterson Pine Apt. 058, Phillipside, SD 78510"
187,Parker and Sons,"53007 Miller Pine, East Courtneyshire, DC 74314"
188,Miller-Kelly,"0511 Kirk Inlet Suite 207, Sullivanborough, CO 55257"
189,Acevedo-Reynolds,"63634 Lisa Mountain Suite 547, Johnmouth, DC 92892"
190,Pratt-Crawford,"521 Martin Knolls Apt. 165, Kyletown, ID 86792"
191,"Turner, Lopez and Abbott","84106 Peter Oval, Lake Donald, PW 15317"
192,Chen Group,"1991 Melissa Hollow, Barrerahaven, NV 92600"
193,Gallagher-Sims,"2213 Lowe Motorway Apt. 586, Stephenton, DC 46263"
194,Porter and Sons,"1531 Anderson Freeway Suite 759, Valenzuelaview, WI 39297"
195,Dean PLC,"PSC 4388, Box 1472, APO AE 06864"
196,Moreno-Rice,"5953 Braun Drive Apt. 720, New Melissaberg, WV 14838"
197,Morris LLC,"032 Moses Run, Paulaborough, MO 94836"
198,Carlson and Sons,"062 Bryan Roads Apt. 544, Petersonchester, NM 43714"
199,Black-Torres,"5640 Mary Station Suite 466, East Thomas, GA 82359"
200,Miller LLC,"271 Giles Mews, North Megan, AR 68118"
