1,420,157,732,22.81,2,cancelled,2025-02-19 02:52:44
2,517,196,767,304.35,5,shipped,2024-09-02 00:56:45
3,18,30,707,390.81,4,delivered,2025-02-12 22:17:20
4,487,142,497,55.00,2,cancelled,2024-09-27 20:03:37
5,26,180,794,58.89,3,delivered,2025-01-21 21:39:25
6,168,82,694,185.72,4,delivered,2025-04-03 21:34:06
7,257,109,143,12.75,1,delivered,2025-04-10 08:58:32
8,503,59,883,346.77,5,delivered,2024-07-20 04:08:10
9,991,135,484,34.65,1,shipped,2024-08-02 17:33:40
10,640,134,62,257.94,3,processing,2025-04-15 11:54:26
11,716,192,713,205.48,3,delivered,2024-07-30 16:50:20
12,131,178,906,36.76,2,pending,2024-05-19 19:49:09
13,657,30,895,54.31,1,pending,2025-03-04 10:08:43
14,826,187,335,30.47,1,processing,2024-05-31 19:00:21
15,596,71,602,67.08,5,delivered,2025-02-15 01:19:28
16,620,195,459,99.59,1,cancelled,2025-03-19 05:02:38
17,794,179,182,104.41,2,processing,2024-11-15 13:08:27
18,854,93,204,172.14,2,shipped,2024-06-05 03:10:55
19,422,66,682,229.63,3,shipped,2024-05-28 08:12:02
20,162,155,512,190.51,2,cancelled,2024-11-02 19:35:11
21,502,193,931,58.80,4,pending,2025-03-06 00:57:54
22,214,141,467,66.97,1,shipped,2024-09-26 21:41:48
23,440,35,492,133.55,2,delivered,2024-05-29 01:46:29
24,582,183,33,66.98,1,shipped,2024-06-02 01:08:54
25,7,136,939,28.05,3,pending,2024-07-14 10:28:59
26,42,61,648,142.50,3,delivered,2024-05-23 17:28:14
27,625,189,833,102.49,2,shipped,2024-11-02 08:17:52
28,730,173,301,195.04,2,pending,2024-11-09 16:22:23
29,589,192,675,7.10,1,shipped,2024-06-30 02:23:08
30,52,130,901,205.76,3,cancelled,2024-07-11 00:18:25
31,868,197,34,283.28,5,pending,2024-10-18 13:15:09
32,430,53,123,176.04,3,processing,2024-08-24 05:48:08
33,978,60,418,81.42,1,processing,2024-12-03 23:55:23
34,394,182,758,28.93,1,pending,2024-06-23 06:50:56
35,639,127,555,98.71,1,cancelled,2024-09-24 15:32:58
36,330,115,137,287.63,4,cancelled,2025-04-10 14:46:11
37,585,156,654,50.06,1,delivered,2024-12-23 12:12:52
38,7,186,161,435.84,5,processing,2024-06-17 09:13:22
39,524,113,847,133.68,2,cancelled,2025-01-22 13:00:24
40,647,16,387,83.92,1,shipped,2024-05-17 15:06:42
41,669,117,421,68.97,1,pending,2025-02-07 20:27:04
42,4,177,504,83.46,3,cancelled,2024-08-06 16:02:15
43,918,74,898,134.63,2,processing,2024-09-07 11:26:36
44,527,190,127,154.46,3,pending,2024-12-06 05:07:10
45,870,74,214,60.12,2,delivered,2024-12-31 12:46:20
46,491,30,820,158.34,5,processing,2024-12-29 12:34:57
47,544,3,647,66.65,3,shipped,2024-08-03 23:15:39
48,203,63,902,355.04,4,cancelled,2024-10-01 22:28:22
49,104,109,436,84.49,3,pending,2025-03-05 20:47:46
50,605,177,798,278.16,3,processing,2024-07-14 08:43:11
51,266,190,487,68.21,1,cancelled,2025-03-16 05:19:41
52,675,7,69,83.75,1,delivered,2025-02-18 01:34:39
53,464,29,151,200.01,5,shipped,2024-11-17 20:18:45
54,502,48,241,337.34,4,processing,2024-12-25 19:04:10
55,473,121,296,127.13,4,processing,2024-06-07 04:11:37
56,46,39,257,134.25,2,processing,2024-10-31 11:30:07
57,918,142,538,36.60,1,cancelled,2024-10-15 22:46:17
58,628,142,633,123.98,3,delivered,2024-09-25 02:07:38
59,150,20,205,94.88,3,cancelled,2024-08-06 20:50:21
60,161,127,685,366.98,4,pending,2024-10-31 16:00:04
61,220,29,923,90.53,2,cancelled,2024-09-27 12:19:49
62,697,165,601,466.46,5,processing,2025-01-18 10:56:40
63,7,128,939,52.12,3,pending,2024-07-14 10:28:59
64,938,1,721,293.81,5,pending,2024-12-05 15:46:04
65,666,179,243,181.55,3,processing,2024-06-05 11:52:21
66,246,150,805,191.11,2,shipped,2024-08-26 00:23:06
67,520,20,882,116.83,2,cancelled,2025-02-10 22:36:21
68,556,51,874,80.31,2,pending,2024-10-13 07:04:31
69,759,156,186,87.94,2,shipped,2024-10-06 12:38:47
70,658,17,583,76.54,1,shipped,2024-06-16 18:09:03
71,377,158,89,64.44,1,processing,2024-07-10 07:56:13
72,562,100,611,81.04,1,delivered,2025-01-06 15:09:34
73,47,91,843,61.27,2,shipped,2024-06-11 23:43:24
74,833,98,918,394.57,4,delivered,2025-04-21 20:11:00
75,626,8,844,330.38,5,cancelled,2024-06-23 00:09:48
76,136,79,350,293.96,3,processing,2024-11-27 01:56:06
77,954,40,558,28.12,1,delivered,2025-02-21 01:58:34
78,972,173,264,336.71,5,pending,2025-04-12 09:05:28
79,646,160,651,166.85,4,processing,2024-07-12 19:52:53
80,323,159,166,270.47,5,pending,2024-06-20 00:20:40
81,807,139,676,73.35,2,delivered,2024-07-24 06:44:29
82,941,84,103,85.03,1,processing,2025-03-13 15:14:38
83,418,57,251,27.12,3,delivered,2024-12-16 11:00:37
84,274,30,525,66.46,1,processing,2025-03-29 22:27:56
85,889,198,907,78.09,2,pending,2024-07-02 05:06:24
86,938,133,721,51.20,1,pending,2024-12-05 15:46:04
87,381,95,368,225.69,3,processing,2025-04-24 01:25:27
88,347,169,866,37.31,3,delivered,2024-08-21 08:21:15
89,851,154,191,255.98,3,delivered,2024-07-23 14:38:01
90,188,170,86,228.54,3,pending,2025-03-15 10:47:31
91,368,191,395,93.60,1,processing,2024-10-06 01:31:44
92,55,85,333,53.47,5,processing,2024-05-24 01:58:22
93,136,82,350,399.63,4,processing,2024-11-27 01:56:06
94,709,138,354,214.37,3,cancelled,2024-11-20 01:33:18
95,875,60,920,495.80,5,pending,2024-06-06 01:22:02
96,470,99,22,196.74,2,delivered,2024-05-11 04:00:08
97,113,171,345,133.04,3,cancelled,2024-09-05 11:59:59
98,232,94,507,74.66,3,pending,2024-12-27 22:00:30
99,12,180,472,269.50,3,cancelled,2025-03-30 18:31:13
100,82,52,884,42.91,4,processing,2025-04-23 20:14:02
101,223,80,782,215.98,3,processing,2024-10-22 20:50:35
102,234,80,361,199.99,5,cancelled,2025-01-31 01:55:45
103,477,169,450,40.96,3,cancelled,2025-04-17 22:01:44
104,550,142,656,64.28,2,delivered,2024-11-14 16:31:33
105,590,11,522,236.06,5,cancelled,2025-02-06 12:48:42
106,791,80,584,112.78,2,delivered,2024-09-29 03:08:06
107,356,191,374,8.49,1,delivered,2024-06-23 09:50:32
108,727,163,877,97.45,1,shipped,2024-11-14 23:56:17
109,823,104,156,138.37,2,shipped,2024-06-14 08:25:58
110,539,191,221,139.52,4,cancelled,2025-01-11 23:37:47
111,803,174,94,258.18,5,cancelled,2025-01-03 20:25:10
112,121,56,398,109.25,3,processing,2024-07-02 10:03:05
113,584,184,747,138.37,2,delivered,2024-12-07 16:51:19
114,67,153,630,109.71,5,pending,2024-11-29 23:59:09
115,14,155,169,321.29,4,processing,2024-08-28 05:12:38
116,533,171,25,12.88,1,cancelled,2024-06-19 17:22:21
117,185,146,577,205.93,4,delivered,2024-08-28 12:04:55
118,435,12,162,38.91,1,processing,2024-07-11 19:56:30
119,819,195,437,274.18,4,cancelled,2025-03-14 15:11:19
120,134,18,206,30.88,2,cancelled,2024-06-12 08:11:59
121,488,164,848,271.46,3,pending,2024-10-25 07:11:05
122,421,118,239,188.88,4,processing,2024-07-17 05:47:25
123,254,140,226,79.89,1,processing,2024-11-24 08:52:16
124,628,37,174,100.07,2,pending,2025-02-19 23:39:42
125,202,36,38,25.99,2,processing,2025-02-15 18:51:55
126,845,48,781,265.60,3,cancelled,2025-01-30 19:03:49
127,516,48,528,306.85,4,delivered,2024-11-06 22:53:21
128,511,119,363,137.32,2,shipped,2025-02-26 15:18:31
129,432,29,808,74.87,3,shipped,2025-03-12 13:38:44
130,148,1,615,65.95,1,pending,2025-04-28 04:30:41
131,909,129,612,55.04,1,shipped,2024-06-14 20:34:29
132,736,40,120,97.60,1,processing,2025-01-15 00:41:36
133,354,158,10,216.14,3,delivered,2024-12-20 11:54:38
134,706,199,199,6.26,1,cancelled,2025-03-29 12:33:54
135,910,71,548,80.77,1,delivered,2025-03-24 20:02:32
136,125,142,29,253.79,3,delivered,2024-07-26 08:37:48
137,739,127,849,489.20,5,shipped,2024-07-11 00:48:00
138,88,32,441,147.40,3,shipped,2025-01-30 01:58:36
139,780,32,734,15.20,2,cancelled,2024-07-02 06:56:06
140,313,194,621,280.55,4,processing,2024-10-12 23:18:48
141,36,184,787,243.58,4,processing,2025-01-05 02:53:48
142,246,112,805,72.21,2,shipped,2024-08-26 00:23:06
143,727,40,877,10.81,2,shipped,2024-11-14 23:56:17
144,924,104,313,223.56,4,pending,2025-01-12 00:50:39
145,758,76,87,18.87,2,shipped,2024-06-09 09:27:05
146,521,47,953,169.27,4,shipped,2024-09-23 10:14:40
147,843,5,733,29.32,2,processing,2025-03-10 08:21:10
148,407,92,410,470.08,5,delivered,2024-10-31 09:50:28
149,474,193,828,281.02,4,pending,2024-05-12 17:05:12
150,199,128,362,73.94,2,processing,2025-03-13 03:00:22
151,472,83,511,81.70,2,cancelled,2024-09-01 00:03:17
152,507,200,66,463.85,5,shipped,2025-04-03 08:10:20
153,509,110,680,214.29,3,processing,2024-10-12 18:40:59
154,727,197,877,251.48,3,shipped,2024-11-14 23:56:17
155,587,36,426,220.73,5,pending,2025-01-12 20:10:05
156,554,153,916,148.96,5,shipped,2025-02-21 11:44:15
157,7,97,161,207.12,3,processing,2024-06-17 09:13:22
158,495,195,815,298.93,4,cancelled,2025-01-19 08:58:26
159,59,15,98,351.81,5,processing,2024-09-10 06:05:28
160,287,120,646,105.48,2,cancelled,2025-04-28 00:48:49
161,139,76,674,36.46,5,cancelled,2025-01-19 06:12:17
162,811,47,885,60.19,2,shipped,2024-08-27 07:16:12
163,382,198,574,101.21,2,shipped,2024-12-05 21:27:36
164,519,68,811,268.93,5,cancelled,2024-08-11 04:59:53
165,342,136,860,362.50,5,processing,2025-01-03 09:48:35
166,414,171,759,356.07,4,pending,2025-04-27 09:46:14
167,998,10,988,274.92,3,processing,2024-09-28 14:59:58
168,647,125,387,136.66,2,shipped,2024-05-17 15:06:42
169,215,189,154,141.94,2,cancelled,2024-12-20 16:55:16
170,835,143,962,133.15,3,cancelled,2024-08-08 07:59:53
171,116,24,822,369.50,4,shipped,2024-06-26 03:05:13
172,831,186,613,351.23,4,shipped,2025-03-27 06:52:51
173,86,115,750,191.00,3,pending,2024-09-19 09:13:18
174,533,45,571,94.64,1,processing,2024-12-19 03:19:14
175,264,143,724,86.54,1,cancelled,2025-04-18 05:19:33
176,615,141,599,20.43,3,cancelled,2024-12-20 12:57:07
177,861,162,567,255.19,3,shipped,2024-11-03 03:17:24
178,574,50,376,40.63,5,cancelled,2024-08-27 02:22:47
179,251,136,865,238.71,5,processing,2024-06-25 05:05:43
180,44,121,434,386.19,5,shipped,2024-06-26 13:31:06
181,200,59,486,328.35,4,processing,2024-05-06 20:55:01
182,755,182,661,81.27,2,cancelled,2025-02-02 07:51:49
183,423,109,788,52.84,1,cancelled,2024-09-08 09:27:39
184,812,95,438,40.44,3,pending,2024-11-27 08:42:01
185,103,120,801,57.70,3,cancelled,2024-12-27 08:36:28
186,697,168,601,148.94,3,processing,2025-01-18 10:56:40
187,86,12,750,127.84,3,pending,2024-09-19 09:13:18
188,739,183,849,38.99,2,shipped,2024-07-11 00:48:00
189,972,8,264,50.54,3,pending,2025-04-12 09:05:28
190,435,79,854,307.96,5,shipped,2025-01-03 05:30:57
191,131,57,906,20.75,2,pending,2024-05-19 19:49:09
192,1,156,508,30.71,2,processing,2025-04-19 12:41:11
193,162,162,512,249.63,3,cancelled,2024-11-02 19:35:11
194,287,96,646,74.95,1,cancelled,2025-04-28 00:48:49
195,223,38,927,36.11,2,cancelled,2024-11-05 22:33:45
196,876,3,227,20.32,1,pending,2024-08-21 05:52:29
197,684,116,466,39.59,1,processing,2025-01-04 19:48:22
198,40,15,792,11.49,1,cancelled,2024-05-17 09:43:30
199,907,6,669,238.67,3,cancelled,2025-01-30 04:20:56
200,381,3,58,69.97,3,cancelled,2025-04-09 09:42:14
201,410,104,132,128.32,3,pending,2025-01-31 22:36:34
202,730,15,301,169.32,3,pending,2024-11-09 16:22:23
203,593,9,711,39.79,1,cancelled,2024-12-18 11:08:45
204,388,125,428,250.89,5,delivered,2024-05-21 12:32:00
205,67,122,630,64.31,3,pending,2024-11-29 23:59:09
206,440,59,936,61.83,5,pending,2025-02-14 20:34:46
207,336,24,627,52.37,2,pending,2025-01-22 05:28:38
208,903,51,878,16.02,2,cancelled,2024-09-02 17:27:48
209,791,152,584,249.14,5,delivered,2024-09-29 03:08:06
210,74,1,341,145.28,2,processing,2024-09-08 09:47:22
211,713,20,220,112.16,3,cancelled,2025-04-17 11:30:58
212,28,54,407,60.10,2,pending,2024-12-08 05:04:59
213,144,55,471,120.32,2,delivered,2025-02-18 17:47:26
214,937,199,998,60.94,5,cancelled,2024-07-18 23:35:13
215,785,51,742,274.06,3,processing,2024-06-20 03:25:16
216,297,90,690,91.16,1,shipped,2024-07-19 16:13:05
217,381,111,58,70.39,1,cancelled,2025-04-09 09:42:14
218,274,87,525,29.47,1,processing,2025-03-29 22:27:56
219,209,87,276,38.78,5,shipped,2025-04-02 09:54:05
220,116,51,819,266.16,3,pending,2024-07-01 02:38:29
221,440,118,936,186.22,5,pending,2025-02-14 20:34:46
222,692,71,334,179.39,2,pending,2024-06-20 07:18:11
223,247,18,531,142.28,4,shipped,2025-03-18 21:13:49
224,894,91,768,32.97,5,shipped,2024-06-09 00:29:07
225,741,199,215,245.65,4,processing,2025-04-19 01:25:55
226,341,60,640,305.52,4,delivered,2024-08-15 12:33:17
227,610,164,663,85.84,2,pending,2024-11-22 07:57:09
228,697,116,163,82.70,1,shipped,2025-01-26 14:18:13
229,523,96,593,31.14,3,cancelled,2024-08-08 03:32:51
230,904,173,928,350.71,4,delivered,2024-10-08 03:24:01
231,446,96,554,88.91,1,shipped,2025-03-18 19:32:23
232,246,42,805,15.63,1,shipped,2024-08-26 00:23:06
233,356,182,374,65.54,1,delivered,2024-06-23 09:50:32
234,473,171,296,63.07,1,processing,2024-06-07 04:11:37
235,420,125,732,286.59,5,cancelled,2025-02-19 02:52:44
236,430,71,123,292.41,4,processing,2024-08-24 05:48:08
237,209,11,276,22.14,1,shipped,2025-04-02 09:54:05
238,575,55,681,358.08,4,cancelled,2025-02-25 15:32:15
239,502,58,468,188.06,3,shipped,2024-05-08 20:10:15
240,976,124,652,55.00,1,processing,2024-11-23 11:36:36
241,248,177,580,191.31,3,pending,2025-03-24 22:38:30
242,697,30,271,349.98,4,pending,2024-06-10 18:09:12
243,977,20,200,272.47,4,delivered,2024-07-01 19:09:03
244,239,95,776,180.81,5,delivered,2024-12-03 01:48:25
245,732,20,527,11.85,1,pending,2025-02-28 19:34:16
246,945,57,211,90.93,1,delivered,2024-10-07 15:37:09
247,428,157,700,164.10,5,shipped,2024-06-26 03:40:32
248,145,184,71,78.58,1,cancelled,2025-01-10 01:23:13
249,492,139,581,191.86,2,delivered,2024-12-19 14:02:00
250,693,141,772,87.66,1,pending,2024-10-22 09:51:56
251,27,175,136,35.00,1,shipped,2025-03-09 19:17:06
252,278,10,596,17.82,1,cancelled,2025-01-26 03:38:48
253,268,56,483,20.71,1,shipped,2025-04-28 00:10:57
254,161,16,685,110.85,2,pending,2024-10-31 16:00:04
255,44,1,434,38.62,1,shipped,2024-06-26 13:31:06
256,274,26,525,169.78,3,processing,2025-03-29 22:27:56
257,751,61,564,93.87,1,processing,2024-09-14 08:53:18
258,278,2,419,46.97,1,shipped,2025-04-03 22:18:15
259,113,35,345,58.79,2,cancelled,2024-09-05 11:59:59
260,626,47,844,53.65,1,cancelled,2024-06-23 00:09:48
261,271,151,702,123.84,4,delivered,2024-07-02 00:42:21
262,381,110,121,28.44,2,pending,2025-02-18 10:21:46
263,910,15,836,65.41,1,pending,2024-12-27 15:57:19
264,165,97,64,196.74,5,shipped,2025-02-08 23:58:36
265,657,147,895,13.20,1,pending,2025-03-04 10:08:43
266,440,22,817,98.63,2,pending,2024-09-25 11:49:36
267,381,46,368,481.38,5,processing,2025-04-24 01:25:27
268,440,91,936,102.60,4,pending,2025-02-14 20:34:46
269,743,198,443,210.13,3,pending,2024-08-25 17:07:49
270,499,178,81,99.91,3,shipped,2024-10-02 23:04:14
271,560,83,899,90.44,2,cancelled,2025-01-28 04:26:59
272,754,197,326,35.70,4,delivered,2024-08-28 08:44:25
273,533,179,25,218.16,5,cancelled,2024-06-19 17:22:21
274,539,157,221,43.81,1,cancelled,2025-01-11 23:37:47
275,805,72,233,139.13,4,delivered,2024-09-06 22:25:29
276,937,22,998,335.91,4,cancelled,2024-07-18 23:35:13
277,963,154,116,71.85,1,processing,2024-09-27 20:04:46
278,832,60,93,355.53,4,pending,2024-05-05 13:42:07
279,471,104,841,214.81,3,cancelled,2024-10-25 01:26:44
280,973,175,320,337.82,4,processing,2024-12-06 03:35:56
281,126,95,912,349.23,4,cancelled,2024-12-03 13:38:24
282,448,24,18,398.13,5,cancelled,2024-07-27 10:13:38
283,32,67,247,140.35,2,cancelled,2025-04-28 09:09:52
284,486,51,569,474.27,5,cancelled,2025-03-15 20:27:45
285,824,54,706,119.14,5,shipped,2024-09-12 06:29:46
286,651,143,919,33.97,3,delivered,2024-08-01 04:56:16
287,204,121,80,47.12,2,processing,2025-04-21 05:33:10
288,46,166,340,289.75,3,shipped,2024-09-21 07:22:29
289,251,111,865,41.56,3,processing,2024-06-25 05:05:43
290,168,172,694,179.17,2,delivered,2025-04-03 21:34:06
291,301,87,697,56.62,1,pending,2024-12-12 20:39:16
292,397,36,715,288.85,3,cancelled,2024-06-05 07:49:04
293,562,58,611,317.07,5,delivered,2025-01-06 15:09:34
294,142,98,307,82.55,3,delivered,2024-07-07 07:04:14
295,452,33,832,42.80,5,pending,2024-09-19 03:52:19
296,467,161,880,318.01,4,delivered,2024-06-03 04:00:04
297,201,165,75,80.99,4,shipped,2024-12-23 23:10:48
298,891,22,600,262.09,4,delivered,2024-06-27 07:24:54
299,956,87,375,66.26,4,cancelled,2025-03-17 21:36:26
300,512,132,187,173.74,2,pending,2024-11-10 01:57:15
301,596,2,602,48.42,2,delivered,2025-02-15 01:19:28
302,503,44,883,319.23,5,delivered,2024-07-20 04:08:10
303,316,144,277,407.58,5,cancelled,2025-02-27 01:14:50
304,511,76,789,252.17,4,shipped,2025-03-23 06:34:56
305,862,187,278,130.16,2,shipped,2024-06-26 16:06:49
306,417,88,133,51.53,3,shipped,2024-09-07 08:05:35
307,666,76,159,198.85,5,processing,2024-11-20 08:45:42
308,21,84,367,134.70,3,processing,2024-09-14 15:01:44
309,645,13,355,97.43,3,delivered,2025-03-27 16:02:32
310,454,196,607,26.09,3,delivered,2025-01-13 01:01:16
311,719,38,981,370.12,4,processing,2024-10-22 22:17:53
312,524,181,26,185.71,3,pending,2024-11-28 14:16:11
313,105,48,490,171.03,5,processing,2024-07-28 14:18:09
314,487,184,650,281.16,3,pending,2024-10-08 04:21:47
315,584,193,747,484.59,5,delivered,2024-12-07 16:51:19
316,512,182,187,397.54,4,pending,2024-11-10 01:57:15
317,491,29,820,269.53,4,processing,2024-12-29 12:34:57
318,173,1,964,66.88,2,shipped,2024-08-25 20:37:37
319,801,90,917,225.18,3,cancelled,2025-02-03 09:03:50
320,410,193,132,170.39,2,pending,2025-01-31 22:36:34
321,347,112,866,146.20,2,delivered,2024-08-21 08:21:15
322,826,71,335,38.65,1,processing,2024-05-31 19:00:21
323,223,81,349,122.25,4,delivered,2025-02-17 07:28:18
324,757,65,714,98.51,2,pending,2025-01-13 18:17:33
325,934,115,185,99.40,1,pending,2025-02-05 15:24:42
326,583,174,587,194.19,3,shipped,2024-07-17 05:04:15
327,285,13,532,283.19,3,processing,2025-01-11 08:42:44
328,88,166,505,191.94,4,pending,2024-06-14 16:27:52
329,261,173,249,333.37,5,delivered,2024-06-24 16:59:58
330,792,156,803,145.96,2,cancelled,2024-11-15 22:16:42
331,342,151,636,204.61,4,processing,2024-06-29 17:53:23
332,991,39,484,155.75,3,shipped,2024-08-02 17:33:40
333,795,184,807,77.14,1,shipped,2024-12-10 19:40:01
334,519,154,272,150.38,3,cancelled,2024-09-02 17:01:14
335,86,65,46,80.25,5,processing,2024-12-03 12:13:19
336,98,137,416,188.48,3,processing,2024-11-03 00:50:00
337,266,151,281,278.03,4,processing,2025-02-26 11:19:02
338,165,131,753,460.07,5,pending,2025-01-12 05:39:47
339,81,42,840,26.85,3,shipped,2025-02-11 01:10:55
340,511,96,363,271.48,3,shipped,2025-02-26 15:18:31
341,899,77,535,44.26,1,shipped,2025-04-15 20:12:06
342,904,195,928,99.85,1,delivered,2024-10-08 03:24:01
343,990,15,560,211.30,3,processing,2024-11-03 00:47:29
344,139,147,674,39.55,1,cancelled,2025-01-19 06:12:17
345,284,181,485,82.10,1,delivered,2024-08-16 14:46:24
346,589,30,856,76.14,2,delivered,2024-10-13 17:19:01
347,801,132,917,161.48,2,cancelled,2025-02-03 09:03:50
348,336,119,591,189.92,4,cancelled,2025-04-21 05:19:00
349,468,27,147,37.36,1,processing,2025-01-31 22:58:28
350,789,164,224,203.63,3,shipped,2025-03-12 04:08:29
351,253,15,464,43.62,2,processing,2024-11-28 06:22:50
352,714,3,717,169.30,2,shipped,2024-08-24 07:18:06
353,864,49,189,391.10,4,shipped,2024-06-17 11:48:04
354,59,4,98,110.60,3,processing,2024-09-10 06:05:28
355,721,172,529,342.50,4,delivered,2025-01-04 05:58:35
356,638,126,353,40.67,1,shipped,2024-12-30 02:18:38
357,266,6,281,33.50,1,processing,2025-02-26 11:19:02
358,733,119,134,73.66,1,processing,2025-04-03 06:40:06
359,421,137,239,51.03,1,processing,2024-07-17 05:47:25
360,228,34,590,22.99,2,processing,2025-04-17 17:44:35
361,868,30,77,178.53,2,shipped,2024-11-01 02:35:31
362,512,182,779,278.34,5,shipped,2024-06-28 23:44:12
363,46,83,340,282.94,3,shipped,2024-09-21 07:22:29
364,48,197,757,266.41,3,shipped,2024-09-14 00:23:33
365,591,81,298,145.59,2,pending,2025-03-02 15:22:07
366,502,43,931,321.31,5,pending,2025-03-06 00:57:54
367,511,152,363,43.43,2,shipped,2025-02-26 15:18:31
368,207,178,679,241.47,3,cancelled,2025-04-13 23:16:46
369,201,79,75,38.96,2,shipped,2024-12-23 23:10:48
370,474,12,519,166.01,3,pending,2024-07-31 02:45:09
371,796,39,659,33.20,1,pending,2024-10-02 00:14:42
372,511,134,358,70.00,1,processing,2024-08-10 07:07:11
373,862,190,216,64.45,4,cancelled,2024-05-04 15:20:09
374,274,108,525,78.88,1,processing,2025-03-29 22:27:56
375,889,139,907,93.08,1,pending,2024-07-02 05:06:24
376,647,124,609,288.49,3,delivered,2024-10-07 03:20:54
377,757,89,714,303.87,4,pending,2025-01-13 18:17:33
378,608,118,867,250.38,5,cancelled,2025-03-23 02:47:53
379,592,198,910,218.20,4,delivered,2025-01-30 09:36:50
380,7,195,482,104.45,4,cancelled,2024-05-13 10:22:56
381,762,170,903,65.54,1,shipped,2024-07-14 23:16:43
382,938,145,280,414.41,5,delivered,2024-12-17 09:27:55
383,882,101,632,329.65,5,cancelled,2025-02-14 04:00:42
384,950,175,562,220.79,4,shipped,2024-07-01 07:22:40
385,209,135,276,31.59,1,shipped,2025-04-02 09:54:05
386,857,17,6,138.46,5,delivered,2024-12-17 04:00:09
387,640,123,62,51.84,5,processing,2025-04-15 11:54:26
388,644,55,862,230.86,4,processing,2024-06-18 05:16:24
389,718,160,110,355.84,4,shipped,2024-05-20 19:40:53
390,880,110,113,33.60,1,pending,2025-01-26 23:56:43
391,502,103,241,29.27,5,processing,2024-12-25 19:04:10
392,199,157,986,233.33,3,cancelled,2024-09-20 07:33:27
393,373,22,673,101.56,2,cancelled,2024-07-12 21:47:15
394,857,27,6,175.50,2,delivered,2024-12-17 04:00:09
395,854,133,204,194.37,2,shipped,2024-06-05 03:10:55
396,654,36,719,113.03,4,processing,2024-11-02 06:55:25
397,781,199,315,22.15,2,shipped,2024-11-01 21:35:39
398,32,88,839,163.72,4,delivered,2024-07-29 19:40:55
399,468,88,147,43.71,1,processing,2025-01-31 22:58:28
400,862,124,723,138.82,2,delivered,2025-04-09 23:45:51
401,345,117,701,184.87,4,shipped,2024-05-21 20:28:31
402,258,7,475,54.53,1,pending,2024-09-26 15:33:45
403,358,193,397,75.70,2,shipped,2024-10-26 15:06:15
404,524,176,847,56.33,1,cancelled,2025-01-22 13:00:24
405,952,172,72,83.78,1,cancelled,2024-07-13 09:27:09
406,263,13,190,106.35,3,pending,2024-11-20 06:40:10
407,842,113,275,52.04,1,delivered,2024-06-09 15:06:31
408,599,175,318,302.25,5,cancelled,2025-03-17 23:32:50
409,50,133,158,58.75,1,cancelled,2024-06-18 19:08:56
410,638,75,194,15.13,1,pending,2024-05-06 23:39:31
411,162,118,579,178.39,2,shipped,2025-03-21 13:53:05
412,882,33,632,111.21,2,cancelled,2025-02-14 04:00:42
413,596,183,812,33.57,2,pending,2024-07-01 02:27:15
414,519,33,811,244.26,5,cancelled,2024-08-11 04:59:53
415,650,10,545,50.91,2,pending,2024-10-23 07:42:41
416,217,154,604,36.58,1,pending,2024-05-26 14:38:53
417,548,45,863,91.09,2,processing,2024-05-26 08:30:22
418,422,69,682,121.81,4,shipped,2024-05-28 08:12:02
419,523,118,946,196.59,2,pending,2024-05-01 01:57:40
420,285,62,825,297.24,3,cancelled,2024-10-07 06:08:21
421,379,184,432,416.53,5,delivered,2025-04-13 17:05:49
422,736,143,552,392.99,4,delivered,2024-08-06 21:25:56
423,812,51,438,23.42,1,pending,2024-11-27 08:42:01
424,903,162,969,24.27,2,processing,2024-08-02 14:35:14
425,329,68,405,155.42,2,cancelled,2024-11-17 06:03:11
426,901,89,930,28.75,5,shipped,2025-04-22 03:43:42
427,203,54,902,144.65,4,cancelled,2024-10-01 22:28:22
428,145,77,616,296.97,4,shipped,2025-04-19 20:20:05
429,904,115,928,169.75,4,delivered,2024-10-08 03:24:01
430,913,96,356,15.50,1,processing,2025-03-18 17:44:35
431,418,54,251,128.66,4,delivered,2024-12-16 11:00:37
432,894,54,346,182.92,2,delivered,2024-11-03 18:50:34
433,593,131,708,191.43,2,shipped,2024-05-06 15:05:53
434,165,179,753,41.76,1,pending,2025-01-12 05:39:47
435,833,158,918,52.74,5,delivered,2025-04-21 20:11:00
436,316,48,369,79.69,1,processing,2025-02-22 05:11:53
437,714,2,771,458.87,5,delivered,2024-10-29 17:16:20
438,11,138,695,157.64,5,delivered,2025-03-02 23:53:21
439,774,114,888,310.42,4,pending,2024-10-12 23:06:12
440,288,53,144,35.52,1,delivered,2025-01-15 16:36:22
441,593,190,711,99.54,2,cancelled,2024-12-18 11:08:45
442,366,162,268,393.49,4,pending,2025-04-26 02:58:37
443,266,90,481,96.94,3,pending,2024-09-26 17:39:03
444,184,118,643,114.90,4,pending,2024-09-17 08:27:47
445,201,119,75,263.19,5,shipped,2024-12-23 23:10:48
446,124,154,53,78.39,1,processing,2024-10-08 10:05:37
447,723,26,908,81.21,2,pending,2024-11-28 20:51:17
448,801,64,705,95.62,3,processing,2024-11-27 08:43:22
449,593,51,711,186.77,5,cancelled,2024-12-18 11:08:45
450,606,76,425,393.22,5,cancelled,2024-11-03 22:57:52
451,789,28,224,281.32,4,shipped,2025-03-12 04:08:29
452,884,7,718,218.81,5,processing,2024-05-27 15:38:50
453,868,117,77,181.71,3,shipped,2024-11-01 02:35:31
454,620,133,97,497.34,5,cancelled,2024-09-27 06:28:27
455,921,68,994,125.50,4,processing,2025-04-10 10:17:02
456,776,104,550,79.53,2,shipped,2024-07-22 16:11:09
457,217,32,300,140.28,5,delivered,2025-03-27 21:20:11
458,621,188,935,158.91,3,pending,2025-02-01 12:38:01
459,837,174,448,296.85,4,processing,2024-10-03 04:57:54
460,254,7,737,96.01,5,pending,2024-07-06 20:02:22
461,41,186,868,197.11,3,delivered,2024-08-01 16:22:07
462,878,172,518,87.12,1,shipped,2024-05-28 00:37:50
463,220,145,923,175.04,3,cancelled,2024-09-27 12:19:49
464,231,151,104,179.17,4,processing,2024-06-07 02:59:16
465,205,20,102,295.59,3,cancelled,2024-08-14 20:35:32
466,932,89,235,344.10,4,processing,2024-05-23 18:00:05
467,759,190,186,90.25,4,shipped,2024-10-06 12:38:47
468,763,157,348,34.89,3,shipped,2024-05-13 17:07:47
469,592,139,540,118.22,4,shipped,2024-06-13 23:42:24
470,550,63,544,65.30,3,processing,2025-01-30 23:22:54
471,544,156,647,233.00,3,shipped,2024-08-03 23:15:39
472,622,163,635,70.96,2,delivered,2024-12-01 00:07:32
473,761,61,547,178.76,5,delivered,2025-04-06 15:11:45
474,419,74,150,29.79,2,pending,2025-03-27 19:52:28
475,438,133,738,54.71,4,shipped,2025-03-10 07:39:39
476,325,96,813,31.75,1,processing,2025-02-06 07:29:40
477,693,46,772,39.73,3,pending,2024-10-22 09:51:56
478,265,98,513,93.02,1,shipped,2025-03-21 23:51:31
479,128,49,366,74.37,2,cancelled,2024-06-25 23:43:50
480,201,143,75,195.80,5,shipped,2024-12-23 23:10:48
481,673,155,765,158.68,2,pending,2024-05-18 20:18:01
482,447,143,534,35.22,1,pending,2025-03-24 22:21:47
483,446,109,170,131.02,5,processing,2024-10-21 12:31:07
484,128,71,366,371.85,4,cancelled,2024-06-25 23:43:50
485,208,109,816,51.31,1,processing,2024-05-02 23:38:27
486,509,76,291,186.61,3,delivered,2025-03-10 13:12:43
487,220,195,923,23.36,3,cancelled,2024-09-27 12:19:49
488,548,150,863,169.49,5,processing,2024-05-26 08:30:22
489,665,62,273,21.28,1,pending,2024-05-04 05:21:05
490,410,121,132,93.23,3,pending,2025-01-31 22:36:34
491,859,94,76,101.58,3,cancelled,2024-12-04 07:35:14
492,216,157,192,70.93,4,cancelled,2024-09-16 13:48:33
493,907,28,859,68.79,1,cancelled,2024-05-03 23:40:05
494,377,27,89,270.41,3,processing,2024-07-10 07:56:13
495,823,80,156,92.63,2,shipped,2024-06-14 08:25:58
496,452,57,743,6.07,1,cancelled,2025-04-10 00:49:02
497,935,87,530,126.32,5,shipped,2024-06-01 02:23:40
498,650,126,545,175.68,3,pending,2024-10-23 07:42:41
499,159,18,336,34.24,1,cancelled,2024-07-23 20:45:36
500,247,48,61,34.58,1,pending,2024-12-20 06:18:20
501,826,125,335,221.07,5,processing,2024-05-31 19:00:21
502,978,62,418,166.24,2,processing,2024-12-03 23:55:23
503,706,49,199,437.42,5,cancelled,2025-03-29 12:33:54
504,301,37,697,149.34,2,pending,2024-12-12 20:39:16
505,523,16,946,52.71,1,pending,2024-05-01 01:57:40
506,257,140,160,98.61,4,cancelled,2024-06-07 10:16:27
507,739,93,617,386.04,4,processing,2024-09-29 09:29:53
508,723,178,667,58.20,1,cancelled,2024-11-23 15:47:53
509,262,121,312,376.60,5,shipped,2025-03-13 20:36:26
510,632,58,642,102.36,4,processing,2024-05-14 17:31:23
511,421,172,239,364.19,4,processing,2024-07-17 05:47:25
512,674,52,311,495.76,5,processing,2025-01-09 12:29:58
513,864,172,189,29.24,2,shipped,2024-06-17 11:48:04
514,718,159,148,165.17,2,pending,2024-06-27 06:32:00
515,705,197,388,111.71,2,shipped,2025-03-16 23:40:55
516,801,142,917,252.17,3,cancelled,2025-02-03 09:03:50
517,278,177,419,75.50,1,shipped,2025-04-03 22:18:15
518,416,84,299,126.80,2,pending,2024-10-03 01:46:54
519,819,39,437,298.02,3,cancelled,2025-03-14 15:11:19
520,116,75,822,24.07,1,shipped,2024-06-26 03:05:13
521,219,104,925,248.57,3,pending,2025-02-10 05:00:48
522,36,160,586,138.99,2,cancelled,2024-10-08 18:39:24
523,10,9,573,101.45,2,cancelled,2024-05-01 15:28:44
524,938,4,721,197.82,5,pending,2024-12-05 15:46:04
525,797,42,510,56.70,1,shipped,2025-01-16 20:54:06
526,588,71,79,191.72,5,shipped,2024-08-23 15:28:30
527,278,32,596,179.82,2,cancelled,2025-01-26 03:38:48
528,736,36,829,397.03,5,delivered,2024-07-13 15:42:55
529,763,12,348,289.58,5,shipped,2024-05-13 17:07:47
530,868,119,195,97.85,3,delivered,2024-05-19 18:12:24
531,511,60,363,139.50,3,shipped,2025-02-26 15:18:31
532,202,126,38,173.98,5,processing,2025-02-15 18:51:55
533,951,105,91,176.74,3,processing,2024-05-08 13:07:38
534,964,105,869,291.63,4,shipped,2024-11-11 08:20:18
535,499,144,203,104.43,4,pending,2025-01-31 22:54:03
536,440,155,598,108.43,5,delivered,2025-02-16 04:39:29
537,714,183,717,287.79,4,shipped,2024-08-24 07:18:06
538,407,134,2,20.14,1,shipped,2024-10-10 19:24:42
539,488,18,848,84.26,1,pending,2024-10-25 07:11:05
540,120,74,274,180.63,3,delivered,2025-02-01 09:17:08
541,239,193,390,291.07,3,shipped,2024-08-07 01:50:28
542,595,83,620,151.01,4,shipped,2024-08-19 11:43:46
543,907,69,859,274.52,3,cancelled,2024-05-03 23:40:05
544,917,16,56,41.17,1,pending,2025-04-13 02:25:15
545,169,79,996,29.12,2,cancelled,2025-04-09 06:37:19
546,201,195,184,84.36,1,delivered,2024-06-29 07:13:07
547,907,85,82,5.58,1,processing,2024-12-28 23:34:47
548,771,60,378,129.69,4,cancelled,2025-01-28 10:20:09
549,337,160,756,171.13,4,cancelled,2025-04-22 04:37:27
550,981,26,117,418.23,5,cancelled,2024-10-22 14:50:55
551,913,106,356,199.61,3,processing,2025-03-18 17:44:35
552,458,135,48,124.36,2,cancelled,2024-10-16 05:24:31
553,430,30,809,45.35,1,shipped,2024-06-15 00:05:05
554,693,38,934,74.05,2,pending,2025-02-07 01:45:11
555,470,88,30,12.46,1,pending,2025-02-22 06:20:30
556,474,52,519,51.19,1,pending,2024-07-31 02:45:09
557,770,145,631,66.09,1,shipped,2024-06-01 04:34:12
558,718,199,148,74.16,5,pending,2024-06-27 06:32:00
559,139,85,35,153.99,3,delivered,2024-09-17 14:46:50
560,706,108,199,8.84,1,cancelled,2025-03-29 12:33:54
561,100,3,909,71.19,5,processing,2024-12-06 01:53:25
562,534,119,922,481.17,5,cancelled,2024-07-19 22:56:29
563,502,118,468,49.54,1,shipped,2024-05-08 20:10:15
564,4,159,504,244.63,3,cancelled,2024-08-06 16:02:15
565,974,124,212,284.63,5,pending,2024-06-14 23:08:55
566,721,42,400,143.85,3,shipped,2024-10-04 00:08:50
567,733,148,134,189.43,2,processing,2025-04-03 06:40:06
568,253,9,28,9.41,1,pending,2024-08-01 06:10:52
569,496,89,252,124.27,2,cancelled,2025-02-26 07:43:49
570,134,111,594,5.89,1,cancelled,2024-09-21 18:26:42
571,918,22,898,145.34,5,processing,2024-09-07 11:26:36
572,323,94,166,20.36,3,pending,2024-06-20 00:20:40
573,207,173,835,140.78,2,delivered,2024-05-29 06:05:32
574,467,109,880,173.96,3,delivered,2024-06-03 04:00:04
575,373,56,852,223.32,4,pending,2025-03-03 00:05:00
576,46,176,257,38.93,2,processing,2024-10-31 11:30:07
577,438,187,738,70.34,1,shipped,2025-03-10 07:39:39
578,282,30,952,44.84,1,shipped,2024-05-21 16:08:17
579,255,62,223,19.47,1,cancelled,2024-08-23 06:19:38
580,757,163,714,287.54,3,pending,2025-01-13 18:17:33
581,759,26,470,18.93,1,processing,2024-05-01 00:30:41
582,906,47,858,53.51,1,pending,2024-07-08 02:06:48
583,47,144,439,60.70,3,pending,2024-07-09 12:45:12
584,148,88,615,353.96,4,pending,2025-04-28 04:30:41
585,68,186,834,297.12,3,pending,2024-05-06 11:54:50
586,956,186,375,172.13,4,cancelled,2025-03-17 21:36:26
587,559,94,478,88.13,2,pending,2024-12-11 15:49:43
588,589,84,675,244.26,3,shipped,2024-06-30 02:23:08
589,36,171,586,277.36,3,cancelled,2024-10-08 18:39:24
590,846,92,141,27.47,1,processing,2024-11-24 23:33:01
591,771,105,378,43.36,1,cancelled,2025-01-28 10:20:09
592,733,77,134,389.75,4,processing,2025-04-03 06:40:06
593,220,53,433,338.55,4,cancelled,2024-07-20 12:15:51
594,997,198,622,109.96,2,cancelled,2025-01-22 18:20:02
595,584,7,324,152.85,2,cancelled,2024-08-03 05:41:52
596,162,68,579,23.66,1,shipped,2025-03-21 13:53:05
597,644,136,862,73.23,1,processing,2024-06-18 05:16:24
598,152,171,629,176.75,2,pending,2024-09-14 09:00:39
599,106,37,766,32.97,5,cancelled,2025-02-26 08:11:26
600,961,146,317,122.15,2,shipped,2024-09-19 03:00:17
601,179,187,947,29.42,2,pending,2024-12-25 12:49:50
602,924,185,313,294.10,4,pending,2025-01-12 00:50:39
603,239,92,838,282.08,3,shipped,2024-08-11 06:49:28
604,159,143,140,34.02,2,processing,2024-07-05 00:13:49
605,42,187,892,221.91,5,shipped,2024-07-24 07:41:43
606,903,77,969,60.63,1,processing,2024-08-02 14:35:14
607,154,200,462,172.51,5,shipped,2024-09-18 16:59:26
608,599,115,318,213.94,5,cancelled,2025-03-17 23:32:50
609,596,32,735,194.95,2,cancelled,2024-06-26 19:10:41
610,17,58,826,70.55,1,delivered,2025-01-08 01:34:21
611,114,1,628,92.16,3,processing,2024-06-10 08:02:59
612,666,1,159,220.32,3,processing,2024-11-20 08:45:42
613,184,63,696,353.81,5,shipped,2025-03-10 11:56:05
614,707,126,926,63.76,3,pending,2025-04-28 10:42:01
615,280,85,842,496.70,5,cancelled,2024-08-27 23:54:23
616,440,86,17,33.20,1,delivered,2025-04-25 00:17:46
617,604,137,383,94.02,1,cancelled,2024-07-14 00:38:48
618,119,142,288,8.83,1,delivered,2025-01-02 19:31:18
619,234,20,361,61.74,4,cancelled,2025-01-31 01:55:45
620,524,46,847,259.31,3,cancelled,2025-01-22 13:00:24
621,990,200,60,177.99,2,delivered,2025-03-20 00:30:47
622,325,4,813,133.45,2,processing,2025-02-06 07:29:40
623,823,123,414,358.08,4,cancelled,2024-10-29 04:26:18
624,314,143,568,195.53,2,shipped,2024-09-30 04:44:25
625,794,56,182,242.20,4,processing,2024-11-15 13:08:27
626,937,113,960,137.36,2,processing,2024-07-17 09:11:37
627,366,45,268,55.77,1,pending,2025-04-26 02:58:37
628,203,66,902,286.07,4,cancelled,2024-10-01 22:28:22
629,519,72,811,102.94,2,cancelled,2024-08-11 04:59:53
630,534,168,922,156.31,5,cancelled,2024-07-19 22:56:29
631,440,117,817,379.59,4,pending,2024-09-25 11:49:36
632,622,128,635,184.08,2,delivered,2024-12-01 00:07:32
633,440,157,817,217.65,3,pending,2024-09-25 11:49:36
634,970,15,465,142.10,4,cancelled,2025-03-02 08:18:47
635,832,116,93,195.03,2,pending,2024-05-05 13:42:07
636,653,49,380,250.88,5,pending,2024-08-05 23:51:24
637,954,154,558,106.13,2,delivered,2025-02-21 01:58:34
638,212,11,905,354.13,5,cancelled,2025-03-11 03:25:35
639,866,161,802,277.44,4,delivered,2024-12-09 14:56:55
640,680,93,937,84.56,3,shipped,2025-02-01 13:35:46
641,6,158,921,100.96,5,delivered,2024-08-09 05:15:41
642,625,120,913,424.96,5,delivered,2024-07-21 08:40:23
643,539,178,716,347.19,5,processing,2024-12-13 12:02:49
644,511,135,363,202.96,4,shipped,2025-02-26 15:18:31
645,118,133,565,289.09,4,delivered,2024-11-20 03:42:50
646,18,68,707,244.56,3,delivered,2025-02-12 22:17:20
647,387,24,501,198.29,3,processing,2024-09-25 23:59:07
648,622,69,635,298.39,3,delivered,2024-12-01 00:07:32
649,692,38,334,263.62,3,pending,2024-06-20 07:18:11
650,614,79,810,123.52,4,shipped,2025-01-19 20:34:18
651,555,87,473,86.86,1,cancelled,2024-09-10 19:47:08
652,831,70,613,113.05,2,shipped,2025-03-27 06:52:51
653,388,13,8,30.62,5,shipped,2024-06-03 06:55:39
654,589,58,856,72.03,2,delivered,2024-10-13 17:19:01
655,964,197,869,276.74,3,shipped,2024-11-11 08:20:18
656,914,115,799,184.97,2,processing,2025-01-09 02:07:09
657,452,118,832,137.61,4,pending,2024-09-19 03:52:19
658,511,81,358,162.82,5,processing,2024-08-10 07:07:11
659,126,43,912,250.79,5,cancelled,2024-12-03 13:38:24
660,754,118,326,228.97,3,delivered,2024-08-28 08:44:25
661,951,50,91,474.25,5,processing,2024-05-08 13:07:38
662,275,109,23,252.36,3,processing,2024-11-23 21:15:06
663,573,171,582,182.75,4,processing,2024-08-05 00:43:26
664,364,73,228,41.75,3,processing,2024-05-16 12:44:12
665,386,168,853,339.45,5,shipped,2025-04-30 18:28:43
666,332,86,455,218.73,3,delivered,2024-11-07 09:58:24
667,106,170,463,78.66,1,shipped,2024-07-21 02:24:56
668,275,78,23,181.81,3,processing,2024-11-23 21:15:06
669,18,168,641,175.75,3,cancelled,2024-10-29 15:01:47
670,212,35,905,285.57,4,cancelled,2025-03-11 03:25:35
671,747,129,824,80.10,3,shipped,2025-02-19 21:36:06
672,193,180,971,239.35,4,pending,2024-06-14 07:30:29
673,80,17,423,18.89,1,delivered,2024-12-27 15:34:52
674,147,31,760,23.70,1,pending,2024-10-04 10:58:27
675,252,148,886,29.14,1,processing,2024-10-28 11:27:28
676,906,114,858,284.68,4,pending,2024-07-08 02:06:48
677,59,65,458,14.05,1,processing,2024-11-05 05:40:01
678,990,22,560,146.06,2,processing,2024-11-03 00:47:29
679,40,123,792,36.04,2,cancelled,2024-05-17 09:43:30
680,751,138,564,302.44,4,processing,2024-09-14 08:53:18
681,364,173,228,262.30,3,processing,2024-05-16 12:44:12
682,757,121,714,247.55,3,pending,2025-01-13 18:17:33
683,67,184,67,283.09,3,shipped,2025-01-16 03:17:24
684,937,144,960,72.11,2,processing,2024-07-17 09:11:37
685,544,134,536,357.87,4,pending,2024-12-14 07:21:03
686,750,158,740,468.03,5,shipped,2024-10-15 16:07:54
687,169,122,660,77.34,1,shipped,2024-10-31 23:02:49
688,42,22,879,231.52,5,processing,2024-05-26 19:50:37
689,492,157,581,128.09,2,delivered,2024-12-19 14:02:00
690,38,151,135,195.81,2,cancelled,2025-01-20 01:47:52
691,23,83,371,187.18,2,delivered,2025-01-26 11:58:36
692,330,69,137,32.61,2,cancelled,2025-04-10 14:46:11
693,18,62,641,313.76,4,cancelled,2024-10-29 15:01:47
694,145,148,115,185.98,5,pending,2024-11-29 00:43:24
695,254,26,737,366.21,4,pending,2024-07-06 20:02:22
696,783,191,625,136.74,2,cancelled,2024-09-15 12:18:10
697,430,198,123,400.10,5,processing,2024-08-24 05:48:08
698,7,8,939,478.68,5,pending,2024-07-14 10:28:59
699,715,154,871,397.62,5,processing,2024-06-15 10:00:59
700,516,95,528,20.28,1,delivered,2024-11-06 22:53:21
701,901,183,314,49.50,4,delivered,2025-02-19 04:43:48
702,470,66,22,149.22,3,delivered,2024-05-11 04:00:08
703,381,193,58,14.35,1,cancelled,2025-04-09 09:42:14
704,512,190,479,126.56,3,processing,2024-09-28 23:59:23
705,194,5,415,177.25,2,pending,2025-04-07 01:32:00
706,982,7,494,124.52,4,cancelled,2024-10-26 08:49:59
707,152,132,956,436.76,5,processing,2024-07-17 23:32:06
708,270,142,965,46.93,1,pending,2025-01-24 14:25:58
709,199,104,362,380.06,5,processing,2025-03-13 03:00:22
710,925,121,308,210.40,4,processing,2025-02-01 06:14:20
711,336,2,591,113.50,5,cancelled,2025-04-21 05:19:00
712,368,178,395,69.19,2,processing,2024-10-06 01:31:44
713,422,197,43,30.15,3,pending,2024-07-18 02:28:37
714,754,194,326,66.97,1,delivered,2024-08-28 08:44:25
715,791,84,304,233.48,5,delivered,2025-04-29 12:56:06
716,868,85,77,80.21,1,shipped,2024-11-01 02:35:31
717,917,187,56,459.74,5,pending,2025-04-13 02:25:15
718,292,174,634,432.71,5,shipped,2024-06-29 17:59:41
719,666,103,159,145.83,3,processing,2024-11-20 08:45:42
720,504,171,691,110.10,3,shipped,2025-04-28 22:40:17
721,560,51,899,99.02,4,cancelled,2025-01-28 04:26:59
722,263,7,190,362.19,4,pending,2024-11-20 06:40:10
723,651,46,556,184.04,3,cancelled,2024-05-21 04:15:19
724,87,136,774,104.84,2,delivered,2024-06-23 01:15:12
725,105,132,490,15.23,3,processing,2024-07-28 14:18:09
726,762,45,903,441.54,5,shipped,2024-07-14 23:16:43
727,571,152,259,90.62,2,shipped,2025-03-31 02:02:34
728,161,59,469,28.36,4,cancelled,2025-02-27 13:43:34
729,910,132,548,64.57,4,delivered,2025-03-24 20:02:32
730,420,21,732,439.84,5,cancelled,2025-02-19 02:52:44
731,963,82,386,185.56,2,processing,2024-12-25 22:39:15
732,335,16,424,42.13,1,pending,2025-02-20 16:04:17
733,276,169,289,98.05,3,pending,2025-01-28 20:53:50
734,373,159,961,91.97,1,cancelled,2024-05-20 10:45:24
735,505,160,52,343.07,5,pending,2025-02-21 23:09:48
736,850,58,364,117.78,5,shipped,2024-06-29 00:21:19
737,42,15,892,395.98,5,shipped,2024-07-24 07:41:43
738,954,6,558,227.51,5,delivered,2025-02-21 01:58:34
739,912,172,105,51.52,1,cancelled,2024-11-09 14:26:12
740,780,18,734,147.05,2,cancelled,2024-07-02 06:56:06
741,693,41,934,56.30,1,pending,2025-02-07 01:45:11
742,707,118,926,40.83,4,pending,2025-04-28 10:42:01
743,801,165,705,147.07,2,processing,2024-11-27 08:43:22
744,454,151,429,95.21,1,shipped,2025-02-20 18:09:14
745,860,152,793,42.58,1,delivered,2024-06-01 08:47:57
746,807,162,474,88.60,1,pending,2025-01-17 08:21:50
747,718,141,110,64.76,1,shipped,2024-05-20 19:40:53
748,754,97,326,136.55,2,delivered,2024-08-28 08:44:25
749,77,57,209,104.20,3,cancelled,2024-09-12 22:56:42
750,934,174,185,82.30,1,pending,2025-02-05 15:24:42
751,938,179,412,32.84,1,pending,2024-08-14 17:27:39
752,4,44,504,61.63,2,cancelled,2024-08-06 16:02:15
753,754,65,326,279.05,3,delivered,2024-08-28 08:44:25
754,346,20,4,46.08,1,pending,2025-02-23 01:43:51
755,803,67,94,24.65,4,cancelled,2025-01-03 20:25:10
756,710,116,520,137.00,2,delivered,2025-02-13 16:39:02
757,17,182,456,83.40,1,delivered,2024-08-19 01:30:45
758,394,194,758,334.71,4,pending,2024-06-23 06:50:56
759,491,136,517,344.05,4,delivered,2025-01-11 00:41:39
760,272,162,385,195.93,2,delivered,2024-09-30 13:47:15
761,1,30,508,189.07,3,processing,2025-04-19 12:41:11
762,388,174,949,483.56,5,shipped,2024-08-14 20:28:36
763,348,126,27,22.88,4,shipped,2024-12-04 08:05:09
764,1,176,508,156.20,2,processing,2025-04-19 12:41:11
765,219,32,727,355.38,5,processing,2025-04-29 10:45:23
766,104,29,436,35.38,1,pending,2025-03-05 20:47:46
767,307,129,588,133.58,3,cancelled,2024-09-07 23:45:49
768,910,98,836,128.57,2,pending,2024-12-27 15:57:19
769,707,159,754,28.38,1,delivered,2024-05-22 05:24:41
770,631,196,563,65.52,1,shipped,2024-10-02 15:41:51
771,420,46,732,169.09,2,cancelled,2025-02-19 02:52:44
772,306,90,447,181.82,2,pending,2024-06-20 00:13:47
773,639,27,555,108.92,2,cancelled,2024-09-24 15:32:58
774,6,107,526,31.00,1,pending,2024-11-28 16:40:55
775,394,192,389,232.44,4,cancelled,2025-03-25 09:30:54
776,519,154,272,87.11,2,cancelled,2024-09-02 17:01:14
777,531,198,236,334.42,5,cancelled,2025-04-01 01:47:36
778,997,130,622,56.98,1,cancelled,2025-01-22 18:20:02
779,266,193,487,73.29,2,cancelled,2025-03-16 05:19:41
780,854,26,943,94.32,1,pending,2024-11-13 00:21:58
781,714,174,771,98.41,5,delivered,2024-10-29 17:16:20
782,412,136,129,380.96,4,shipped,2024-09-19 08:17:54
783,544,96,536,57.10,4,pending,2024-12-14 07:21:03
784,95,16,873,192.26,2,processing,2024-08-09 16:44:31
785,952,182,72,359.42,4,cancelled,2024-07-13 09:27:09
786,251,37,865,34.87,2,processing,2024-06-25 05:05:43
787,280,24,506,13.22,2,delivered,2024-07-27 22:22:26
788,647,165,609,25.71,3,delivered,2024-10-07 03:20:54
789,714,98,771,88.59,3,delivered,2024-10-29 17:16:20
790,510,154,65,111.89,3,processing,2024-09-26 16:07:22
791,169,99,996,196.60,4,cancelled,2025-04-09 06:37:19
792,278,138,419,25.06,2,shipped,2025-04-03 22:18:15
793,573,82,197,71.75,1,processing,2025-01-10 06:19:24
794,604,103,383,84.01,4,cancelled,2024-07-14 00:38:48
795,979,173,171,77.90,1,processing,2024-11-03 01:36:22
796,859,172,76,332.34,5,cancelled,2024-12-04 07:35:14
797,632,95,642,174.89,3,processing,2024-05-14 17:31:23
798,824,109,706,120.40,3,shipped,2024-09-12 06:29:46
799,883,34,178,199.31,5,shipped,2025-02-25 23:42:18
800,769,78,176,79.35,1,pending,2025-04-28 16:56:10
801,745,125,409,119.13,3,cancelled,2025-02-21 23:03:23
802,639,90,328,159.17,3,processing,2024-10-17 07:51:36
803,25,6,119,138.62,5,pending,2024-05-02 21:02:32
804,474,57,828,17.88,3,pending,2024-05-12 17:05:12
805,330,153,137,143.69,3,cancelled,2025-04-10 14:46:11
806,471,183,399,35.10,3,shipped,2025-01-15 02:01:06
807,771,86,378,50.11,1,cancelled,2025-01-28 10:20:09
808,116,120,822,5.49,1,shipped,2024-06-26 03:05:13
809,233,101,610,67.57,1,cancelled,2024-09-11 04:23:00
810,587,13,426,244.48,3,pending,2025-01-12 20:10:05
811,937,133,284,18.68,3,cancelled,2024-10-11 23:53:08
812,519,153,272,81.33,2,cancelled,2024-09-02 17:01:14
813,131,102,906,107.07,3,pending,2024-05-19 19:49:09
814,544,177,536,113.05,2,pending,2024-12-14 07:21:03
815,915,9,188,195.47,2,processing,2024-05-17 20:39:57
816,550,51,656,329.08,5,delivered,2024-11-14 16:31:33
817,474,11,828,499.50,5,pending,2024-05-12 17:05:12
818,762,46,850,264.79,3,cancelled,2024-05-17 08:13:33
819,507,122,66,104.21,2,shipped,2025-04-03 08:10:20
820,874,75,585,91.60,1,processing,2024-06-06 17:11:52
821,862,192,723,385.43,4,delivered,2025-04-09 23:45:51
822,65,10,435,364.40,5,cancelled,2024-06-08 17:54:35
823,65,169,435,170.72,2,cancelled,2024-06-08 17:54:35
824,911,139,286,100.69,5,cancelled,2025-03-03 13:45:10
825,862,8,857,17.46,1,pending,2024-07-08 04:57:43
826,144,86,861,211.18,3,cancelled,2024-10-03 17:24:18
827,262,178,312,63.23,1,shipped,2025-03-13 20:36:26
828,791,68,304,38.29,4,delivered,2025-04-29 12:56:06
829,675,39,69,286.54,3,delivered,2025-02-18 01:34:39
830,688,10,337,58.71,2,shipped,2024-09-23 06:00:37
831,373,93,961,332.64,5,cancelled,2024-05-20 10:45:24
832,614,177,810,202.61,3,shipped,2025-01-19 20:34:18
833,454,147,429,132.32,5,shipped,2025-02-20 18:09:14
834,280,158,864,75.08,1,pending,2024-12-30 23:24:44
835,15,159,940,145.44,4,shipped,2024-12-01 11:44:40
836,868,111,34,447.86,5,pending,2024-10-18 13:15:09
837,894,148,768,328.20,5,shipped,2024-06-09 00:29:07
838,458,161,48,258.51,3,cancelled,2024-10-16 05:24:31
839,341,19,741,50.28,1,processing,2024-05-08 16:15:26
840,199,24,362,82.59,1,processing,2025-03-13 03:00:22
841,657,48,895,172.89,2,pending,2025-03-04 10:08:43
842,645,156,355,382.46,5,delivered,2025-03-27 16:02:32
843,590,179,791,86.35,1,processing,2025-01-03 21:51:22
844,222,155,977,429.15,5,processing,2025-03-22 09:11:29
845,956,124,375,260.96,3,cancelled,2025-03-17 21:36:26
846,341,1,640,66.29,1,delivered,2024-08-15 12:33:17
847,573,25,582,127.84,2,processing,2024-08-05 00:43:26
848,212,190,995,326.74,5,processing,2024-09-02 06:04:23
849,262,83,312,41.77,4,shipped,2025-03-13 20:36:26
850,449,87,330,225.27,3,processing,2024-05-03 03:24:24
851,152,47,500,49.64,1,delivered,2024-06-29 01:01:00
852,38,15,135,16.31,1,cancelled,2025-01-20 01:47:52
853,970,15,769,89.68,1,shipped,2024-05-19 11:47:45
854,454,153,607,216.97,5,delivered,2025-01-13 01:01:16
855,232,100,979,8.58,1,delivered,2025-04-16 11:58:35
856,689,147,893,261.54,4,cancelled,2024-08-15 21:15:37
857,732,173,527,15.87,3,pending,2025-02-28 19:34:16
858,337,80,444,90.43,1,processing,2024-11-06 19:00:09
859,317,145,704,470.43,5,delivered,2024-08-20 11:17:23
860,596,28,602,305.57,4,delivered,2025-02-15 01:19:28
861,832,88,93,88.80,1,pending,2024-05-05 13:42:07
862,257,195,451,225.05,3,cancelled,2025-01-29 01:59:07
863,139,117,35,169.10,5,delivered,2024-09-17 14:46:50
864,531,65,14,434.99,5,processing,2025-01-11 08:38:03
865,906,107,858,272.09,3,pending,2024-07-08 02:06:48
866,795,140,477,379.04,4,processing,2024-11-12 16:53:16
867,910,55,342,115.43,3,pending,2024-08-02 03:04:24
868,145,82,71,294.95,3,cancelled,2025-01-10 01:23:13
869,807,44,676,202.47,5,delivered,2024-07-24 06:44:29
870,504,42,691,58.83,1,shipped,2025-04-28 22:40:17
871,628,109,174,123.88,5,pending,2025-02-19 23:39:42
872,758,150,417,37.85,4,processing,2024-05-02 20:45:49
873,611,84,68,8.69,1,cancelled,2024-11-24 00:35:36
874,665,164,273,19.32,1,pending,2024-05-04 05:21:05
875,440,199,598,126.32,2,delivered,2025-02-16 04:39:29
876,152,184,59,274.09,4,pending,2025-04-30 05:38:12
877,352,92,480,477.49,5,processing,2024-08-21 10:40:36
878,262,171,972,190.91,3,cancelled,2024-05-29 07:30:33
879,11,86,695,260.93,3,delivered,2025-03-02 23:53:21
880,518,170,343,486.44,5,pending,2025-02-28 21:53:41
881,864,176,63,211.77,3,delivered,2024-08-28 22:21:27
882,689,144,893,159.19,2,cancelled,2024-08-15 21:15:37
883,651,14,919,142.52,2,delivered,2024-08-01 04:56:16
884,410,133,132,83.06,2,pending,2025-01-31 22:36:34
885,899,83,535,126.49,4,shipped,2025-04-15 20:12:06
886,925,61,222,49.13,2,cancelled,2024-08-05 22:43:43
887,625,157,913,56.58,2,delivered,2024-07-21 08:40:23
888,889,46,907,105.15,2,pending,2024-07-02 05:06:24
889,909,24,612,37.54,1,shipped,2024-06-14 20:34:29
890,381,70,58,64.67,1,cancelled,2025-04-09 09:42:14
891,776,130,550,113.67,2,shipped,2024-07-22 16:11:09
892,866,130,802,189.87,4,delivered,2024-12-09 14:56:55
893,825,59,262,93.20,1,shipped,2025-02-17 05:32:47
894,387,100,501,93.07,2,processing,2024-09-25 23:59:07
895,564,73,270,93.13,1,shipped,2024-10-25 16:04:59
896,387,5,501,163.62,3,processing,2024-09-25 23:59:07
897,716,126,713,111.86,2,delivered,2024-07-30 16:50:20
898,88,152,441,67.91,5,shipped,2025-01-30 01:58:36
899,10,95,573,97.62,4,cancelled,2024-05-01 15:28:44
900,473,67,296,79.98,1,processing,2024-06-07 04:11:37
901,963,44,116,293.01,5,processing,2024-09-27 20:04:46
902,101,2,784,267.48,3,shipped,2024-07-11 05:15:10
903,884,78,718,105.05,5,processing,2024-05-27 15:38:50
904,184,44,696,269.40,4,shipped,2025-03-10 11:56:05
905,546,171,974,227.47,5,cancelled,2025-04-11 02:46:41
906,313,34,831,15.77,3,cancelled,2024-10-24 12:16:09
907,139,9,674,30.42,5,cancelled,2025-01-19 06:12:17
908,823,113,786,469.97,5,pending,2024-10-02 01:36:01
909,510,68,65,79.63,1,processing,2024-09-26 16:07:22
910,62,22,145,81.92,1,pending,2024-09-03 18:26:26
911,575,38,377,263.74,4,pending,2024-07-09 12:35:35
912,366,169,165,251.75,5,processing,2025-03-07 19:54:33
913,968,199,855,161.50,2,delivered,2024-10-22 22:40:42
914,644,72,862,398.76,5,processing,2024-06-18 05:16:24
915,232,120,979,42.73,1,delivered,2025-04-16 11:58:35
916,446,176,170,51.36,2,processing,2024-10-21 12:31:07
917,894,196,768,165.87,2,shipped,2024-06-09 00:29:07
918,590,169,359,49.10,2,processing,2024-09-08 23:00:10
919,314,73,180,462.39,5,processing,2024-10-15 22:06:04
920,105,24,490,494.66,5,processing,2024-07-28 14:18:09
921,835,111,962,218.37,3,cancelled,2024-08-08 07:59:53
922,758,34,417,204.55,3,processing,2024-05-02 20:45:49
923,779,25,381,41.41,1,processing,2024-10-08 15:12:15
924,770,86,845,103.06,2,cancelled,2024-11-14 11:00:05
925,255,72,223,87.39,3,cancelled,2024-08-23 06:19:38
926,341,101,640,193.71,3,delivered,2024-08-15 12:33:17
927,823,124,156,175.43,2,shipped,2024-06-14 08:25:58
928,843,101,592,128.92,4,cancelled,2024-10-05 00:36:28
929,550,76,656,310.66,4,delivered,2024-11-14 16:31:33
930,44,147,434,399.47,4,shipped,2024-06-26 13:31:06
931,608,62,762,101.76,4,pending,2025-03-19 16:23:33
932,390,8,413,381.67,5,shipped,2024-05-25 14:23:38
933,721,170,400,222.20,5,shipped,2024-10-04 00:08:50
934,705,114,316,111.75,2,shipped,2024-12-07 16:35:59
935,165,3,753,131.03,2,pending,2025-01-12 05:39:47
936,412,42,129,71.96,1,shipped,2024-09-19 08:17:54
937,430,19,123,494.24,5,processing,2024-08-24 05:48:08
938,491,192,820,159.76,3,processing,2024-12-29 12:34:57
939,607,162,777,121.01,5,processing,2024-05-02 00:55:18
940,333,17,814,119.79,2,pending,2024-10-15 09:16:21
941,978,119,672,209.94,4,shipped,2025-04-16 11:02:06
942,864,143,63,392.37,5,delivered,2024-08-28 22:21:27
943,985,138,987,79.83,1,shipped,2024-05-02 06:57:46
944,134,114,206,291.73,5,cancelled,2024-06-12 08:11:59
945,726,59,764,37.28,1,shipped,2024-06-30 04:26:54
946,910,169,342,70.47,1,pending,2024-08-02 03:04:24
947,534,182,922,132.50,2,cancelled,2024-07-19 22:56:29
948,511,48,789,45.66,1,shipped,2025-03-23 06:34:56
949,628,49,633,133.62,2,delivered,2024-09-25 02:07:38
950,255,42,653,185.15,3,delivered,2025-02-24 01:18:39
951,521,184,953,36.49,1,shipped,2024-09-23 10:14:40
952,907,29,859,76.61,4,cancelled,2024-05-03 23:40:05
953,373,89,852,164.01,3,pending,2025-03-03 00:05:00
954,555,165,473,184.64,2,cancelled,2024-09-10 19:47:08
955,270,170,965,54.79,3,pending,2025-01-24 14:25:58
956,968,142,855,113.04,2,delivered,2024-10-22 22:40:42
957,347,21,181,345.08,4,cancelled,2025-01-11 19:43:27
958,544,11,536,188.11,2,pending,2024-12-14 07:21:03
959,469,106,196,14.26,2,shipped,2024-08-02 15:16:56
960,128,63,366,25.53,3,cancelled,2024-06-25 23:43:50
961,134,106,594,35.00,5,cancelled,2024-09-21 18:26:42
962,718,120,110,169.88,2,shipped,2024-05-20 19:40:53
963,819,97,42,339.39,4,processing,2025-01-15 06:35:46
964,559,87,478,68.86,4,pending,2024-12-11 15:49:43
965,6,124,526,282.84,3,pending,2024-11-28 16:40:55
966,624,182,99,257.66,5,delivered,2024-12-25 15:48:35
967,86,28,260,47.31,1,delivered,2024-05-22 15:23:26
968,937,3,284,383.98,4,cancelled,2024-10-11 23:53:08
969,990,87,60,51.48,1,delivered,2025-03-20 00:30:47
970,527,43,127,282.85,5,pending,2024-12-06 05:07:10
971,188,12,827,26.04,1,shipped,2025-03-25 03:37:27
972,524,86,26,355.77,4,pending,2024-11-28 14:16:11
973,17,139,826,149.48,2,delivered,2025-01-08 01:34:21
974,287,133,646,239.67,3,cancelled,2025-04-28 00:48:49
975,853,81,445,281.10,3,processing,2024-05-30 04:22:09
976,632,180,19,300.96,4,shipped,2024-12-25 15:12:56
977,440,109,598,280.51,4,delivered,2025-02-16 04:39:29
978,428,103,700,29.10,2,shipped,2024-06-26 03:40:32
979,617,101,608,267.69,4,processing,2024-06-04 00:28:32
980,285,132,532,77.80,1,processing,2025-01-11 08:42:44
981,861,108,567,174.75,2,shipped,2024-11-03 03:17:24
982,639,34,555,267.33,3,cancelled,2024-09-24 15:32:58
983,469,46,709,392.31,4,delivered,2024-05-18 17:44:02
984,233,7,610,86.45,1,cancelled,2024-09-11 04:23:00
985,867,147,217,94.16,1,processing,2024-07-19 16:36:09
986,583,117,587,250.40,5,shipped,2024-07-17 05:04:15
987,470,97,263,52.67,2,shipped,2025-03-21 08:49:32
988,783,153,55,80.37,1,cancelled,2025-01-13 17:21:31
989,228,148,360,376.10,4,delivered,2024-10-18 11:18:46
990,638,169,353,261.60,3,shipped,2024-12-30 02:18:38
991,136,52,350,428.58,5,processing,2024-11-27 01:56:06
992,36,78,586,226.34,3,cancelled,2024-10-08 18:39:24
993,803,18,94,479.21,5,cancelled,2025-01-03 20:25:10
994,941,186,103,169.45,2,processing,2025-03-13 15:14:38
995,552,26,457,214.78,3,processing,2024-06-08 16:56:03
996,935,181,530,43.69,2,shipped,2024-06-01 02:23:40
997,781,7,315,127.89,2,shipped,2024-11-01 21:35:39
998,159,166,336,35.93,5,cancelled,2024-07-23 20:45:36
999,645,104,559,194.51,2,shipped,2025-01-12 02:13:45
1000,539,37,221,204.35,5,cancelled,2025-01-11 23:37:47
1001,695,25,138,461.14,5,processing,2025-02-10 22:06:57
1002,560,140,899,355.86,4,cancelled,2025-01-28 04:26:59
1003,394,125,758,132.61,4,pending,2024-06-23 06:50:56
1004,316,199,369,87.42,5,processing,2025-02-22 05:11:53
1005,807,76,676,301.59,4,delivered,2024-07-24 06:44:29
1006,622,15,635,91.80,3,delivered,2024-12-01 00:07:32
1007,168,176,694,31.81,4,delivered,2025-04-03 21:34:06
1008,891,124,600,16.57,1,delivered,2024-06-27 07:24:54
1009,768,26,687,489.93,5,delivered,2024-11-27 02:24:09
1010,783,164,543,96.17,2,delivered,2025-02-24 07:32:23
1011,745,139,409,90.55,4,cancelled,2025-02-21 23:03:23
1012,165,8,64,184.37,3,shipped,2025-02-08 23:58:36
1013,468,128,147,66.85,2,processing,2025-01-31 22:58:28
1014,55,37,333,227.37,5,processing,2024-05-24 01:58:22
1015,741,127,215,35.53,2,processing,2025-04-19 01:25:55
1016,432,162,808,105.39,5,shipped,2025-03-12 13:38:44
1017,923,155,302,377.42,4,pending,2024-06-15 10:44:23
1018,54,66,44,365.18,5,delivered,2024-10-16 06:54:48
1019,82,166,884,41.58,3,processing,2025-04-23 20:14:02
1020,6,31,526,69.89,5,pending,2024-11-28 16:40:55
1021,579,77,688,365.26,4,delivered,2024-10-22 21:20:07
1022,800,176,255,178.88,5,shipped,2024-11-24 21:44:12
1023,1,93,508,135.43,4,processing,2025-04-19 12:41:11
1024,25,100,119,182.05,5,pending,2024-05-02 21:02:32
1025,118,4,565,280.04,3,delivered,2024-11-20 03:42:50
1026,377,190,89,371.92,4,processing,2024-07-10 07:56:13
1027,106,27,766,107.53,4,cancelled,2025-02-26 08:11:26
1028,317,50,704,25.67,2,delivered,2024-08-20 11:17:23
1029,700,122,40,43.71,3,shipped,2024-08-02 09:27:47
1030,938,109,280,132.57,3,delivered,2024-12-17 09:27:55
1031,531,22,14,33.49,3,processing,2025-01-11 08:38:03
1032,363,93,785,11.81,1,delivered,2025-03-12 05:37:18
1033,823,146,156,36.30,2,shipped,2024-06-14 08:25:58
1034,151,92,800,49.49,1,delivered,2025-04-27 14:20:15
1035,397,135,715,271.18,5,cancelled,2024-06-05 07:49:04
1036,4,172,504,17.85,3,cancelled,2024-08-06 16:02:15
1037,314,124,180,191.60,3,processing,2024-10-15 22:06:04
1038,479,5,678,47.16,2,delivered,2025-01-31 00:58:33
1039,80,69,423,286.09,3,delivered,2024-12-27 15:34:52
1040,430,120,123,436.23,5,processing,2024-08-24 05:48:08
1041,608,21,762,331.26,4,pending,2025-03-19 16:23:33
1042,628,47,633,273.42,4,delivered,2024-09-25 02:07:38
1043,183,45,677,77.82,4,pending,2025-02-07 09:36:29
1044,405,100,31,137.44,2,shipped,2025-02-12 03:44:08
1045,519,60,272,266.53,4,cancelled,2024-09-02 17:01:14
1046,466,194,806,34.82,1,processing,2024-07-08 22:34:05
1047,864,200,796,349.79,5,shipped,2025-04-12 05:05:57
1048,594,160,175,222.34,3,cancelled,2024-10-02 23:12:52
1049,410,200,132,21.50,2,pending,2025-01-31 22:36:34
1050,590,1,359,30.16,1,processing,2024-09-08 23:00:10
1051,285,165,825,223.55,4,cancelled,2024-10-07 06:08:21
1052,186,30,269,48.57,1,shipped,2024-08-01 22:39:25
1053,219,156,727,121.10,2,processing,2025-04-29 10:45:23
1054,594,199,175,174.37,3,cancelled,2024-10-02 23:12:52
1055,329,183,405,140.63,2,cancelled,2024-11-17 06:03:11
1056,174,64,493,98.55,1,processing,2024-08-27 13:42:48
1057,613,76,623,339.36,4,shipped,2024-07-10 15:57:52
1058,223,165,782,40.08,1,processing,2024-10-22 20:50:35
1059,283,88,991,251.33,3,pending,2024-07-26 11:36:17
1060,308,35,516,20.67,1,pending,2024-09-11 22:15:16
1061,46,167,257,203.48,5,processing,2024-10-31 11:30:07
1062,828,132,266,139.35,4,pending,2025-03-16 22:12:40
1063,801,156,917,295.12,5,cancelled,2025-02-03 09:03:50
1064,539,61,716,101.86,5,processing,2024-12-13 12:02:49
1065,168,15,694,209.28,3,delivered,2025-04-03 21:34:06
1066,106,133,766,40.30,3,cancelled,2025-02-26 08:11:26
1067,997,171,622,78.88,1,cancelled,2025-01-22 18:20:02
1068,447,22,534,306.41,5,pending,2025-03-24 22:21:47
1069,867,69,217,279.79,3,processing,2024-07-19 16:36:09
1070,532,146,954,245.28,3,delivered,2025-02-28 16:45:15
1071,438,109,738,124.25,2,shipped,2025-03-10 07:39:39
1072,446,152,170,179.41,2,processing,2024-10-21 12:31:07
1073,209,50,276,172.15,2,shipped,2025-04-02 09:54:05
1074,664,55,891,54.25,1,cancelled,2024-07-03 20:59:48
1075,440,184,50,86.27,1,cancelled,2024-06-21 21:10:19
1076,471,105,958,364.40,4,delivered,2024-08-12 07:25:57
1077,440,200,817,121.27,2,pending,2024-09-25 11:49:36
1078,207,10,835,466.02,5,delivered,2024-05-29 06:05:32
1079,736,107,829,326.60,4,delivered,2024-07-13 15:42:55
1080,440,10,817,18.76,2,pending,2024-09-25 11:49:36
1081,196,19,305,223.70,3,pending,2024-07-17 03:39:21
1082,544,57,536,124.18,3,pending,2024-12-14 07:21:03
1083,824,43,706,118.64,2,shipped,2024-09-12 06:29:46
1084,907,70,669,309.75,4,cancelled,2025-01-30 04:20:56
1085,772,4,231,131.16,3,delivered,2025-01-01 18:15:28
1086,887,53,427,98.06,1,pending,2025-02-02 16:55:12
1087,812,142,438,260.83,3,pending,2024-11-27 08:42:01
1088,864,35,189,71.02,1,shipped,2024-06-17 11:48:04
1089,539,85,716,97.91,5,processing,2024-12-13 12:02:49
1090,608,144,867,81.62,3,cancelled,2025-03-23 02:47:53
1091,692,190,373,41.79,4,cancelled,2024-11-20 00:03:32
1092,466,23,806,81.39,5,processing,2024-07-08 22:34:05
1093,224,1,967,369.80,5,shipped,2025-01-14 10:47:10
1094,625,178,833,299.34,4,shipped,2024-11-02 08:17:52
1095,257,177,160,20.86,4,cancelled,2024-06-07 10:16:27
1096,268,58,483,154.88,3,shipped,2025-04-28 00:10:57
1097,306,39,447,398.41,4,pending,2024-06-20 00:13:47
1098,152,164,500,104.46,2,delivered,2024-06-29 01:01:00
1099,253,114,28,160.49,2,pending,2024-08-01 06:10:52
1100,759,71,470,72.93,1,processing,2024-05-01 00:30:41
1101,152,82,629,61.97,1,pending,2024-09-14 09:00:39
1102,321,71,818,85.08,1,pending,2024-10-13 03:54:09
1103,288,83,144,15.49,1,delivered,2025-01-15 16:36:22
1104,875,144,920,398.58,5,pending,2024-06-06 01:22:02
1105,937,86,284,92.53,1,cancelled,2024-10-11 23:53:08
1106,173,26,964,63.07,2,shipped,2024-08-25 20:37:37
1107,6,110,526,59.88,2,pending,2024-11-28 16:40:55
1108,918,68,720,170.06,3,pending,2025-01-15 01:22:35
1109,899,63,535,8.03,1,shipped,2025-04-15 20:12:06
1110,42,86,879,175.18,5,processing,2024-05-26 19:50:37
1111,867,55,217,273.36,4,processing,2024-07-19 16:36:09
1112,791,81,304,28.37,1,delivered,2025-04-29 12:56:06
1113,854,174,943,51.95,5,pending,2024-11-13 00:21:58
1114,68,107,834,191.98,3,pending,2024-05-06 11:54:50
1115,323,19,166,64.79,1,pending,2024-06-20 00:20:40
1116,723,23,908,55.21,1,pending,2024-11-28 20:51:17
1117,488,46,521,7.53,1,shipped,2025-03-23 11:00:59
1118,134,78,619,96.45,2,cancelled,2024-06-14 01:12:31
1119,731,145,739,164.07,2,processing,2024-12-07 03:04:22
1120,682,96,872,75.47,4,pending,2025-04-05 13:46:37
1121,884,136,718,147.10,4,processing,2024-05-27 15:38:50
1122,718,120,148,286.64,4,pending,2024-06-27 06:32:00
1123,148,1,615,14.68,1,pending,2025-04-28 04:30:41
1124,346,62,4,50.59,2,pending,2025-02-23 01:43:51
1125,440,78,598,20.20,1,delivered,2025-02-16 04:39:29
1126,792,174,331,77.39,5,pending,2025-03-19 21:13:48
1127,575,141,377,130.29,5,pending,2024-07-09 12:35:35
1128,952,70,999,78.78,2,pending,2024-12-04 17:51:42
1129,279,37,561,60.91,4,shipped,2025-01-07 09:56:49
1130,797,147,510,154.60,4,shipped,2025-01-16 20:54:06
1131,997,130,622,44.59,1,cancelled,2025-01-22 18:20:02
1132,9,200,92,194.83,2,shipped,2024-07-08 21:00:17
1133,257,188,160,92.62,2,cancelled,2024-06-07 10:16:27
1134,10,157,573,71.45,2,cancelled,2024-05-01 15:28:44
1135,216,147,606,183.93,3,cancelled,2024-06-11 14:15:28
1136,780,132,734,89.40,3,cancelled,2024-07-02 06:56:06
1137,98,159,416,88.40,1,processing,2024-11-03 00:50:00
1138,386,186,853,21.49,1,shipped,2025-04-30 18:28:43
1139,381,131,368,39.33,2,processing,2025-04-24 01:25:27
1140,565,130,285,307.95,5,shipped,2025-01-08 01:24:49
1141,911,182,286,63.58,2,cancelled,2025-03-03 13:45:10
1142,590,136,791,10.57,1,processing,2025-01-03 21:51:22
1143,492,101,581,82.94,1,delivered,2024-12-19 14:02:00
1144,736,156,552,185.40,2,delivered,2024-08-06 21:25:56
1145,675,153,69,465.76,5,delivered,2025-02-18 01:34:39
1146,713,135,220,35.00,1,cancelled,2025-04-17 11:30:58
1147,144,5,861,96.80,1,cancelled,2024-10-03 17:24:18
1148,14,119,169,346.39,4,processing,2024-08-28 05:12:38
1149,464,195,151,342.39,5,shipped,2024-11-17 20:18:45
1150,853,102,198,102.96,3,cancelled,2024-06-28 22:46:03
1151,169,142,660,120.74,3,shipped,2024-10-31 23:02:49
1152,274,179,997,48.45,2,delivered,2024-12-25 23:43:58
1153,546,117,7,258.98,5,shipped,2024-07-26 12:13:57
1154,220,193,433,77.19,5,cancelled,2024-07-20 12:15:51
1155,52,42,901,29.48,1,cancelled,2024-07-11 00:18:25
1156,741,114,107,97.10,4,delivered,2024-12-12 23:13:13
1157,270,46,549,113.42,3,processing,2025-02-18 04:02:02
1158,377,42,89,218.48,5,processing,2024-07-10 07:56:13
1159,266,189,487,64.38,2,cancelled,2025-03-16 05:19:41
1160,620,166,459,132.84,2,cancelled,2025-03-19 05:02:38
1161,762,112,903,384.45,4,shipped,2024-07-14 23:16:43
1162,532,172,950,90.16,1,pending,2024-07-09 04:51:42
1163,941,182,103,437.10,5,processing,2025-03-13 15:14:38
1164,593,128,711,252.23,5,cancelled,2024-12-18 11:08:45
1165,783,123,625,52.47,1,cancelled,2024-09-15 12:18:10
1166,146,26,279,175.47,2,processing,2024-11-18 15:30:15
1167,139,48,35,244.63,3,delivered,2024-09-17 14:46:50
1168,428,200,297,61.06,2,delivered,2024-08-22 12:30:29
1169,963,52,386,176.12,2,processing,2024-12-25 22:39:15
1170,363,44,785,228.75,4,delivered,2025-03-12 05:37:18
1171,532,16,954,27.65,1,delivered,2025-02-28 16:45:15
1172,770,54,631,131.02,3,shipped,2024-06-01 04:34:12
1173,868,35,195,408.25,5,delivered,2024-05-19 18:12:24
1174,230,150,731,18.69,1,pending,2025-03-15 11:43:23
1175,741,176,107,145.73,2,delivered,2024-12-12 23:13:13
1176,257,168,143,242.08,4,delivered,2025-04-10 08:58:32
1177,27,59,136,52.23,1,shipped,2025-03-09 19:17:06
1178,131,43,906,35.86,1,pending,2024-05-19 19:49:09
1179,544,82,647,44.25,3,shipped,2024-08-03 23:15:39
1180,276,159,289,182.94,3,pending,2025-01-28 20:53:50
1181,17,135,456,88.75,2,delivered,2024-08-19 01:30:45
1182,930,70,452,103.97,3,cancelled,2024-05-14 10:18:23
1183,298,112,332,322.88,4,processing,2025-01-26 07:40:40
1184,440,150,817,20.07,4,pending,2024-09-25 11:49:36
1185,341,167,741,237.25,4,processing,2024-05-08 16:15:26
1186,544,66,536,208.75,3,pending,2024-12-14 07:21:03
1187,394,182,758,69.60,2,pending,2024-06-23 06:50:56
1188,266,188,281,32.46,5,processing,2025-02-26 11:19:02
1189,386,91,853,171.46,5,shipped,2025-04-30 18:28:43
1190,614,196,515,93.44,1,pending,2024-06-16 08:58:15
1191,799,65,557,120.76,3,shipped,2024-06-10 06:20:44
1192,949,26,210,135.96,2,cancelled,2025-04-18 15:44:48
1193,645,6,355,210.48,5,delivered,2025-03-27 16:02:32
1194,342,74,152,402.13,5,processing,2024-09-01 01:26:53
1195,878,93,984,6.93,1,delivered,2024-11-01 23:09:20
1196,903,192,614,50.21,1,cancelled,2024-08-04 13:12:27
1197,519,149,272,168.63,2,cancelled,2024-09-02 17:01:14
1198,6,163,993,142.74,2,cancelled,2025-01-09 15:33:27
1199,981,109,117,50.25,1,cancelled,2024-10-22 14:50:55
1200,146,26,514,185.56,4,delivered,2024-07-10 11:43:51
1201,862,90,723,265.60,3,delivered,2025-04-09 23:45:51
1202,950,142,562,426.07,5,shipped,2024-07-01 07:22:40
1203,330,98,137,57.02,1,cancelled,2025-04-10 14:46:11
1204,313,143,831,204.77,3,cancelled,2024-10-24 12:16:09
1205,261,121,249,482.13,5,delivered,2024-06-24 16:59:58
1206,854,143,204,121.98,4,shipped,2024-06-05 03:10:55
1207,407,69,410,184.20,2,delivered,2024-10-31 09:50:28
1208,336,21,627,283.25,4,pending,2025-01-22 05:28:38
1209,644,156,862,44.35,1,processing,2024-06-18 05:16:24
1210,791,160,304,40.10,5,delivered,2025-04-29 12:56:06
1211,330,23,137,135.83,5,cancelled,2025-04-10 14:46:11
1212,346,59,4,216.36,5,pending,2025-02-23 01:43:51
1213,502,62,241,259.72,3,processing,2024-12-25 19:04:10
1214,990,185,254,275.98,3,shipped,2025-04-15 02:52:43
1215,906,130,683,255.61,5,processing,2024-11-20 13:12:37
1216,854,169,204,31.30,3,shipped,2024-06-05 03:10:55
1217,615,35,599,418.51,5,cancelled,2024-12-20 12:57:07
1218,330,106,218,284.61,3,pending,2024-08-04 16:49:43
1219,82,81,884,208.74,3,processing,2025-04-23 20:14:02
1220,841,174,24,92.35,1,pending,2025-03-29 18:49:19
1221,838,115,365,197.49,3,shipped,2024-07-04 03:12:45
1222,216,20,192,382.88,4,cancelled,2024-09-16 13:48:33
1223,126,32,912,104.20,4,cancelled,2024-12-03 13:38:24
1224,472,150,511,39.38,1,cancelled,2024-09-01 00:03:17
1225,511,165,358,168.34,4,processing,2024-08-10 07:07:11
1226,574,83,376,158.87,4,cancelled,2024-08-27 02:22:47
1227,440,8,492,273.02,3,delivered,2024-05-29 01:46:29
1228,653,127,380,377.15,5,pending,2024-08-05 23:51:24
1229,646,146,651,44.68,1,processing,2024-07-12 19:52:53
1230,520,113,882,105.12,3,cancelled,2025-02-10 22:36:21
1231,801,191,705,219.13,5,processing,2024-11-27 08:43:22
1232,282,115,952,141.11,2,shipped,2024-05-21 16:08:17
1233,217,7,604,493.73,5,pending,2024-05-26 14:38:53
1234,17,82,826,301.69,5,delivered,2025-01-08 01:34:21
1235,733,93,134,228.70,3,processing,2025-04-03 06:40:06
1236,337,179,444,206.79,3,processing,2024-11-06 19:00:09
1237,857,140,6,251.45,5,delivered,2024-12-17 04:00:09
1238,228,198,590,149.10,2,processing,2025-04-17 17:44:35
1239,600,53,948,138.29,3,pending,2025-01-07 06:31:05
1240,487,125,497,58.51,1,cancelled,2024-09-27 20:03:37
1241,152,151,59,56.73,2,pending,2025-04-30 05:38:12
1242,356,144,970,64.23,5,shipped,2025-03-22 19:50:08
1243,949,83,210,74.57,2,cancelled,2025-04-18 15:44:48
1244,342,53,636,122.98,4,processing,2024-06-29 17:53:23
1245,697,60,271,29.00,2,pending,2024-06-10 18:09:12
1246,416,156,299,36.92,2,pending,2024-10-03 01:46:54
1247,25,74,119,177.12,3,pending,2024-05-02 21:02:32
1248,201,82,75,221.87,5,shipped,2024-12-23 23:10:48
1249,828,92,266,149.69,5,pending,2025-03-16 22:12:40
1250,952,143,932,233.08,5,pending,2025-01-21 06:06:55
1251,790,177,780,117.79,5,shipped,2024-11-07 22:03:26
1252,512,16,779,37.62,1,shipped,2024-06-28 23:44:12
1253,499,20,203,135.20,2,pending,2025-01-31 22:54:03
1254,688,29,337,50.56,2,shipped,2024-09-23 06:00:37
1255,54,47,44,171.92,4,delivered,2024-10-16 06:54:48
1256,392,25,726,131.52,2,processing,2024-09-08 09:08:58
1257,630,145,283,100.07,2,shipped,2024-08-23 19:47:42
1258,410,100,132,173.46,2,pending,2025-01-31 22:36:34
1259,862,24,857,66.37,1,pending,2024-07-08 04:57:43
1260,216,131,192,288.37,5,cancelled,2024-09-16 13:48:33
1261,42,24,648,145.25,5,delivered,2024-05-23 17:28:14
1262,540,109,32,79.89,2,cancelled,2024-08-03 11:19:27
1263,216,165,606,71.72,4,cancelled,2024-06-11 14:15:28
1264,98,165,914,6.66,1,processing,2024-07-01 11:31:08
1265,681,43,295,109.62,2,pending,2024-11-21 19:45:44
1266,381,73,121,264.68,4,pending,2025-02-18 10:21:46
1267,496,194,252,378.61,5,cancelled,2025-02-26 07:43:49
1268,903,128,969,14.73,1,processing,2024-08-02 14:35:14
1269,433,120,503,286.19,5,processing,2025-01-03 07:38:48
1270,997,22,622,150.71,4,cancelled,2025-01-22 18:20:02
1271,68,23,834,224.80,5,pending,2024-05-06 11:54:50
1272,875,56,920,380.97,5,pending,2024-06-06 01:22:02
1273,543,126,327,231.43,4,cancelled,2025-03-10 15:16:26
1274,67,146,67,77.02,4,shipped,2025-01-16 03:17:24
1275,546,144,974,315.84,5,cancelled,2025-04-11 02:46:41
1276,399,5,722,54.33,3,pending,2024-10-18 04:34:34
1277,333,158,814,390.50,5,pending,2024-10-15 09:16:21
1278,430,158,123,136.82,2,processing,2024-08-24 05:48:08
1279,258,198,319,50.96,5,processing,2024-12-22 13:22:08
1280,607,109,777,444.50,5,processing,2024-05-02 00:55:18
1281,467,9,639,141.96,3,pending,2025-04-10 18:56:16
1282,509,134,291,332.49,5,delivered,2025-03-10 13:12:43
1283,336,93,591,143.39,4,cancelled,2025-04-21 05:19:00
1284,223,15,349,63.79,2,delivered,2025-02-17 07:28:18
1285,18,137,641,444.19,5,cancelled,2024-10-29 15:01:47
1286,388,47,428,134.28,3,delivered,2024-05-21 12:32:00
1287,440,79,492,32.12,3,delivered,2024-05-29 01:46:29
1288,333,148,282,484.04,5,shipped,2024-06-11 09:00:08
1289,367,126,894,60.26,1,cancelled,2024-12-23 23:28:19
1290,21,32,367,58.50,1,processing,2024-09-14 15:01:44
1291,103,46,801,191.31,5,cancelled,2024-12-27 08:36:28
1292,412,34,129,348.72,5,shipped,2024-09-19 08:17:54
1293,430,9,809,100.01,5,shipped,2024-06-15 00:05:05
1294,638,177,353,49.99,1,shipped,2024-12-30 02:18:38
1295,590,1,522,344.44,4,cancelled,2025-02-06 12:48:42
1296,199,13,362,259.83,4,processing,2025-03-13 03:00:22
1297,600,144,948,156.25,3,pending,2025-01-07 06:31:05
1298,791,101,584,35.93,1,delivered,2024-09-29 03:08:06
1299,169,24,996,16.31,1,cancelled,2025-04-09 06:37:19
1300,220,56,433,407.02,5,cancelled,2024-07-20 12:15:51
1301,336,155,591,139.16,3,cancelled,2025-04-21 05:19:00
1302,647,88,387,190.30,2,shipped,2024-05-17 15:06:42
1303,742,46,238,104.62,2,delivered,2024-08-28 00:45:08
1304,951,97,91,17.57,3,processing,2024-05-08 13:07:38
1305,841,50,24,82.07,1,pending,2025-03-29 18:49:19
1306,266,156,481,5.49,1,pending,2024-09-26 17:39:03
1307,104,136,436,64.44,3,pending,2025-03-05 20:47:46
1308,878,56,518,235.18,4,shipped,2024-05-28 00:37:50
1309,878,29,984,164.97,2,delivered,2024-11-01 23:09:20
1310,329,132,405,30.67,2,cancelled,2024-11-17 06:03:11
1311,657,105,453,165.83,3,cancelled,2024-08-24 02:45:39
1312,54,105,21,35.00,2,shipped,2025-03-05 03:11:08
1313,283,19,991,204.38,5,pending,2024-07-26 11:36:17
1314,845,118,781,140.37,5,cancelled,2025-01-30 19:03:49
1315,924,105,313,364.65,4,pending,2025-01-12 00:50:39
1316,554,114,916,495.93,5,shipped,2025-02-21 11:44:15
1317,991,114,484,127.38,2,shipped,2024-08-02 17:33:40
1318,861,193,567,24.55,3,shipped,2024-11-03 03:17:24
1319,42,102,648,325.53,4,delivered,2024-05-23 17:28:14
1320,347,32,181,75.08,1,cancelled,2025-01-11 19:43:27
1321,280,96,864,84.95,2,pending,2024-12-30 23:24:44
1322,341,181,741,12.75,2,processing,2024-05-08 16:15:26
1323,469,103,709,37.46,1,delivered,2024-05-18 17:44:02
1324,751,92,564,42.48,1,processing,2024-09-14 08:53:18
1325,639,94,555,161.85,4,cancelled,2024-09-24 15:32:58
1326,518,190,372,113.34,4,pending,2024-10-08 01:13:47
1327,257,131,451,183.11,2,cancelled,2025-01-29 01:59:07
1328,257,197,143,26.70,1,delivered,2025-04-10 08:58:32
1329,240,175,344,351.28,5,pending,2024-08-11 15:23:56
1330,979,40,171,46.29,2,processing,2024-11-03 01:36:22
1331,590,141,359,149.01,5,processing,2024-09-08 23:00:10
1332,828,77,208,87.99,1,cancelled,2025-04-20 07:53:44
1333,239,99,838,220.92,5,shipped,2024-08-11 06:49:28
1334,783,196,55,170.01,2,cancelled,2025-01-13 17:21:31
1335,647,55,183,370.83,4,shipped,2025-01-19 19:15:13
1336,419,156,150,60.36,1,pending,2025-03-27 19:52:28
1337,7,177,149,160.22,4,cancelled,2024-11-15 08:11:45
1338,261,112,249,133.72,4,delivered,2024-06-24 16:59:58
1339,539,5,716,127.51,4,processing,2024-12-13 12:02:49
1340,17,129,456,71.11,1,delivered,2024-08-19 01:30:45
1341,342,3,860,75.20,2,processing,2025-01-03 09:48:35
1342,990,10,60,173.04,2,delivered,2025-03-20 00:30:47
1343,592,65,540,218.71,4,shipped,2024-06-13 23:42:24
1344,707,69,754,229.62,5,delivered,2024-05-22 05:24:41
1345,201,78,184,134.37,2,delivered,2024-06-29 07:13:07
1346,11,103,575,453.36,5,delivered,2024-11-07 17:59:08
1347,223,43,927,226.48,4,cancelled,2024-11-05 22:33:45
1348,292,134,634,153.03,3,shipped,2024-06-29 17:59:41
1349,887,169,427,74.14,1,pending,2025-02-02 16:55:12
1350,520,94,882,161.60,2,cancelled,2025-02-10 22:36:21
1351,593,64,945,250.58,4,processing,2024-12-18 08:09:01
1352,421,193,239,191.39,3,processing,2024-07-17 05:47:25
1353,557,95,795,87.44,3,shipped,2024-12-09 23:30:32
1354,116,160,819,30.72,3,pending,2024-07-01 02:38:29
1355,68,57,834,6.16,1,pending,2024-05-06 11:54:50
1356,467,144,639,240.28,3,pending,2025-04-10 18:56:16
1357,464,139,151,133.20,2,shipped,2024-11-17 20:18:45
1358,263,52,190,226.74,3,pending,2024-11-20 06:40:10
1359,606,94,425,137.88,4,cancelled,2024-11-03 22:57:52
1360,792,157,728,51.08,4,cancelled,2025-01-05 11:07:40
1361,884,193,718,47.06,2,processing,2024-05-27 15:38:50
1362,596,144,735,76.75,1,cancelled,2024-06-26 19:10:41
1363,82,15,884,237.63,4,processing,2025-04-23 20:14:02
1364,239,31,838,11.13,1,shipped,2024-08-11 06:49:28
1365,531,87,14,30.23,1,processing,2025-01-11 08:38:03
1366,842,23,275,115.65,3,delivered,2024-06-09 15:06:31
1367,591,137,298,466.45,5,pending,2025-03-02 15:22:07
1368,336,170,591,56.99,2,cancelled,2025-04-21 05:19:00
1369,202,40,225,141.43,2,processing,2024-10-10 17:05:23
1370,614,121,810,99.12,2,shipped,2025-01-19 20:34:18
1371,288,133,144,131.87,3,delivered,2025-01-15 16:36:22
1372,150,44,875,484.48,5,cancelled,2024-10-18 15:12:46
1373,159,15,140,92.23,5,processing,2024-07-05 00:13:49
1374,386,199,853,37.10,5,shipped,2025-04-30 18:28:43
1375,930,43,452,54.48,2,cancelled,2024-05-14 10:18:23
1376,727,186,877,120.90,4,shipped,2024-11-14 23:56:17
1377,984,142,219,169.87,5,pending,2024-06-29 10:45:30
1378,792,11,728,19.58,2,cancelled,2025-01-05 11:07:40
1379,490,191,202,72.44,2,shipped,2025-04-23 11:35:37
1380,886,33,70,184.87,5,processing,2024-05-07 06:17:47
1381,860,89,793,192.56,4,delivered,2024-06-01 08:47:57
1382,800,157,255,95.76,1,shipped,2024-11-24 21:44:12
1383,990,41,60,73.80,1,delivered,2025-03-20 00:30:47
1384,240,134,344,61.14,1,pending,2024-08-11 15:23:56
1385,21,14,367,80.06,3,processing,2024-09-14 15:01:44
1386,223,27,782,49.45,4,processing,2024-10-22 20:50:35
1387,191,78,983,19.44,1,delivered,2025-04-06 01:06:43
1388,907,37,669,173.49,5,cancelled,2025-01-30 04:20:56
1389,207,162,253,32.01,1,cancelled,2024-06-29 13:51:44
1390,185,149,577,195.92,4,delivered,2024-08-28 12:04:55
1391,42,109,892,182.10,4,shipped,2024-07-24 07:41:43
1392,280,44,864,68.77,5,pending,2024-12-30 23:24:44
1393,112,31,172,59.32,1,delivered,2024-12-19 18:53:57
1394,574,30,376,106.50,5,cancelled,2024-08-27 02:22:47
1395,519,160,811,84.55,5,cancelled,2024-08-11 04:59:53
1396,366,110,268,119.94,4,pending,2025-04-26 02:58:37
1397,733,150,134,497.14,5,processing,2025-04-03 06:40:06
1398,389,186,897,52.93,1,pending,2024-11-27 21:11:14
1399,212,99,905,270.81,3,cancelled,2025-03-11 03:25:35
1400,512,13,479,193.86,5,processing,2024-09-28 23:59:23
1401,314,17,180,70.22,2,processing,2024-10-15 22:06:04
1402,450,61,164,143.09,2,delivered,2024-10-26 12:15:54
1403,914,125,799,483.11,5,processing,2025-01-09 02:07:09
1404,758,22,87,303.13,4,shipped,2024-06-09 09:27:05
1405,6,4,993,379.97,5,cancelled,2025-01-09 15:33:27
1406,657,120,895,207.61,3,pending,2025-03-04 10:08:43
1407,617,17,608,66.99,4,processing,2024-06-04 00:28:32
1408,373,85,396,10.27,1,processing,2024-06-30 01:02:11
1409,903,122,878,332.66,5,cancelled,2024-09-02 17:27:48
1410,65,119,131,72.26,1,cancelled,2024-05-24 03:27:33
1411,254,43,737,189.90,3,pending,2024-07-06 20:02:22
1412,6,107,921,104.15,3,delivered,2024-08-09 05:15:41
1413,54,77,21,70.60,1,shipped,2025-03-05 03:11:08
1414,820,24,603,144.99,3,pending,2024-11-17 17:30:39
1415,552,130,457,404.07,5,processing,2024-06-08 16:56:03
1416,282,22,952,211.75,4,shipped,2024-05-21 16:08:17
1417,11,140,695,39.29,1,delivered,2025-03-02 23:53:21
1418,483,122,130,39.65,2,cancelled,2024-10-25 10:59:47
1419,519,144,811,428.44,5,cancelled,2024-08-11 04:59:53
1420,28,77,618,169.46,2,cancelled,2024-05-19 13:44:37
1421,367,162,894,336.96,5,cancelled,2024-12-23 23:28:19
1422,614,66,810,201.18,5,shipped,2025-01-19 20:34:18
1423,139,101,35,83.79,4,delivered,2024-09-17 14:46:50
1424,614,73,515,252.10,5,pending,2024-06-16 08:58:15
1425,949,30,210,167.68,5,cancelled,2025-04-18 15:44:48
1426,638,93,194,24.54,2,pending,2024-05-06 23:39:31
1427,664,54,891,454.58,5,cancelled,2024-07-03 20:59:48
1428,464,155,151,94.25,1,shipped,2024-11-17 20:18:45
1429,416,144,299,266.75,3,pending,2024-10-03 01:46:54
1430,472,53,553,281.04,5,cancelled,2024-11-23 04:45:01
1431,86,127,46,453.68,5,processing,2024-12-03 12:13:19
1432,17,197,826,338.54,4,delivered,2025-01-08 01:34:21
1433,596,11,812,59.66,2,pending,2024-07-01 02:27:15
1434,286,38,749,80.10,2,delivered,2024-08-17 00:08:15
1435,425,108,39,22.01,1,processing,2024-12-18 17:08:15
1436,21,166,367,467.09,5,processing,2024-09-14 15:01:44
1437,119,199,118,97.89,1,processing,2024-12-12 01:50:48
1438,54,200,21,49.77,4,shipped,2025-03-05 03:11:08
1439,494,11,821,308.40,4,shipped,2025-04-30 21:36:59
1440,797,14,250,9.59,1,cancelled,2024-08-09 15:29:31
1441,854,14,204,249.14,5,shipped,2024-06-05 03:10:55
1442,272,91,385,61.76,1,delivered,2024-09-30 13:47:15
1443,223,15,782,126.67,3,processing,2024-10-22 20:50:35
1444,805,189,323,135.15,5,cancelled,2024-06-16 17:52:43
1445,878,168,984,210.60,3,delivered,2024-11-01 23:09:20
1446,710,171,122,258.12,3,cancelled,2024-09-04 10:52:20
1447,538,10,846,457.42,5,delivered,2024-08-30 18:12:41
1448,841,129,24,79.89,5,pending,2025-03-29 18:49:19
1449,707,32,926,110.71,3,pending,2025-04-28 10:42:01
1450,875,95,920,73.81,2,pending,2024-06-06 01:22:02
1451,548,68,863,146.56,2,processing,2024-05-26 08:30:22
1452,251,175,865,242.35,4,processing,2024-06-25 05:05:43
1453,255,37,653,296.08,3,delivered,2025-02-24 01:18:39
1454,199,34,986,281.25,4,cancelled,2024-09-20 07:33:27
1455,887,90,287,131.08,2,cancelled,2025-04-06 22:58:35
1456,751,85,655,162.51,2,cancelled,2024-12-24 11:38:29
1457,962,48,153,95.90,5,processing,2024-08-19 04:57:48
1458,575,117,681,275.88,4,cancelled,2025-02-25 15:32:15
1459,964,26,869,316.06,5,shipped,2024-11-11 08:20:18
1460,552,82,457,332.77,4,processing,2024-06-08 16:56:03
1461,95,95,873,139.65,2,processing,2024-08-09 16:44:31
1462,796,8,659,212.11,4,pending,2024-10-02 00:14:42
1463,879,186,201,396.50,4,processing,2025-04-11 05:17:36
1464,231,129,104,44.81,4,processing,2024-06-07 02:59:16
1465,801,175,705,52.38,1,processing,2024-11-27 08:43:22
1466,316,146,369,159.52,5,processing,2025-02-22 05:11:53
1467,279,58,973,386.45,4,cancelled,2024-05-17 23:44:07
1468,879,157,201,438.18,5,processing,2025-04-11 05:17:36
1469,736,66,552,59.33,5,delivered,2024-08-06 21:25:56
1470,807,25,676,112.53,2,delivered,2024-07-24 06:44:29
1471,907,172,669,497.27,5,cancelled,2025-01-30 04:20:56
1472,28,81,618,45.67,2,cancelled,2024-05-19 13:44:37
1473,523,111,237,249.18,5,delivered,2025-03-11 13:03:19
1474,330,159,137,43.09,1,cancelled,2025-04-10 14:46:11
1475,560,146,899,207.71,5,cancelled,2025-01-28 04:26:59
1476,812,30,438,177.89,4,pending,2024-11-27 08:42:01
1477,842,89,275,83.55,2,delivered,2024-06-09 15:06:31
1478,140,25,541,338.34,5,delivered,2024-05-25 23:11:00
1479,399,134,722,291.03,4,pending,2024-10-18 04:34:34
1480,388,90,428,129.24,4,delivered,2024-05-21 12:32:00
1481,879,120,201,132.13,4,processing,2025-04-11 05:17:36
1482,801,75,917,28.15,1,cancelled,2025-02-03 09:03:50
1483,126,61,912,277.05,3,cancelled,2024-12-03 13:38:24
1484,638,102,194,24.29,4,pending,2024-05-06 23:39:31
1485,206,153,13,54.79,1,pending,2024-07-07 03:57:25
1486,21,155,367,192.73,3,processing,2024-09-14 15:01:44
1487,651,36,919,10.24,1,delivered,2024-08-01 04:56:16
1488,611,164,68,322.59,4,cancelled,2024-11-24 00:35:36
1489,390,147,413,489.52,5,shipped,2024-05-25 14:23:38
1490,918,23,720,412.23,5,pending,2025-01-15 01:22:35
1491,555,27,745,455.30,5,pending,2024-09-13 12:18:21
1492,49,179,454,383.03,4,pending,2024-10-24 16:35:44
1493,479,189,678,99.60,1,delivered,2025-01-31 00:58:33
1494,575,149,377,85.96,2,pending,2024-07-09 12:35:35
1495,883,81,229,51.99,3,delivered,2024-11-13 21:34:19
1496,715,69,871,280.89,5,processing,2024-06-15 10:00:59
1497,116,59,822,67.85,3,shipped,2024-06-26 03:05:13
1498,882,152,632,96.18,2,cancelled,2025-02-14 04:00:42
1499,646,70,651,63.09,1,processing,2024-07-12 19:52:53
1500,647,6,609,20.72,3,delivered,2024-10-07 03:20:54
